model,threads,xprs_cuts,nperiod,month,size,inst,nodes,simplexiter,runtime,bestobj,bestbound,actobj,rows,cols,binaries,nonzeros,facets,depth_limit,freq,rootscuts,treecuts,cut_cnt,callback_time,rootbestobj,rootbestbound
GIB+Cuts,4,-1,168,June,small,1,0,4761,1.74,62564.4,62567.8,67135.2,5207,5712,2016,35948,TRUE,100,5,50,1,0,0,0,0
GIB+Cuts,4,-1,168,June,small,2,3,8745,3.12,71597.9,71597.9,73421.6,5207,5712,2016,36284,TRUE,100,5,50,1,0,0,0,0
GIB+Cuts,4,-1,168,June,small,3,48,25675,10.18,66368.1,66370,67840,5207,5712,2016,34772,TRUE,100,5,50,1,0,0,0,0
GIB+Cuts,4,-1,168,June,small,4,105,27506,14.56,63763.2,63763.2,66158.1,5879,6048,2352,39644,TRUE,100,5,50,1,3,0.170978,63754.4,63864.1
GIB+Cuts,4,-1,168,June,small,0,138017,3957898,417.29,69252.6,69259.5,71704.6,5207,5712,2016,36788,TRUE,100,5,50,1,0,0,0,0
GIB+Cuts,4,-1,168,June,small,6,0,3736,0.54,65591.1,65593.7,69686,5207,5712,2016,34268,TRUE,100,5,50,1,0,0,0,0
GIB+Cuts,4,-1,168,June,small,9,1,3691,1.11,61805.8,61805.8,63656.8,5207,5712,2016,36284,TRUE,100,5,50,1,0,0,0,0
GIB+Cuts,4,-1,168,June,small,8,1,6630,1.5,70621.3,70626.8,72957.4,4871,5544,1848,34436,TRUE,100,5,50,1,0,0,0,0
GIB+Cuts,4,-1,168,June,small,5,0,11756,6.55,60478.7,60483.1,65752.3,4871,5544,1848,35948,TRUE,100,5,50,1,0,0,0,0
GIB+Cuts,4,-1,168,June,small,7,1404949,36174457,3600.02,66663.1,66738.3,69139.3,4165,4196,1542,53729,TRUE,100,5,50,1,2296,956.039,66559.2,67268
GIB+Cuts,4,-1,168,June,medium,0,0,6170,1.47,67619.7,67620.3,68845.8,5879,9912,2352,79460,TRUE,100,5,50,1,0,0,0,0
GIB+Cuts,4,-1,168,June,medium,4,0,10704,3.27,72090.1,72097.2,73104.2,5879,9912,2352,83828,TRUE,100,5,50,1,0,0,0,0
GIB+Cuts,4,-1,168,June,medium,1,5,13547,6.89,69514.3,69520.7,71021.1,6887,10416,2856,87188,TRUE,100,5,50,1,0,0.034727,69514.3,69542.9
GIB+Cuts,4,-1,168,June,medium,3,112,31992,12.11,69847.2,69853.1,71004.9,5543,9744,2184,76940,TRUE,100,5,50,1,0,0,0,0
GIB+Cuts,4,-1,168,June,medium,2,549407,12841420,3600.09,71664.9,71760,73212.3,5252,9405,2182,423030,TRUE,100,5,50,1,0,0,0,0
GIB+Cuts,4,-1,168,June,medium,9,0,5759,1.05,71472.4,71473.4,71823.4,5879,9912,2352,78116,TRUE,100,5,50,1,0,0,0,0
GIB+Cuts,4,-1,168,June,medium,5,4,15367,8.5,66622.4,66622.9,70315.4,5879,9912,2352,82148,TRUE,100,5,50,1,0,0,0,0
GIB+Cuts,4,-1,168,June,medium,6,0,16399,8.66,70408.7,70415.1,70467,5543,9744,2184,77108,TRUE,100,5,50,1,0,0,0,0
GIB+Cuts,4,-1,168,June,medium,8,130,23514,9.65,67565.1,67569.7,68680.6,5879,9912,2352,83324,TRUE,100,5,50,1,0,0,0,0
GIB+Cuts,4,-1,168,June,medium,7,16291,468930,88.13,70447.6,70452.2,71876.2,5879,9912,2352,82148,TRUE,100,5,50,1,0,0,0,0
GIB+Cuts,4,-1,168,June,large,1,11,15754,7.06,70804.5,70811.4,70012.3,6215,16296,2520,151700,TRUE,100,5,50,1,0,0,0,0
GIB+Cuts,4,-1,168,June,large,4,5,24820,17.63,72674.2,72680.9,73768.4,6551,16464,2688,166316,TRUE,100,5,50,1,0,0,0,0
GIB+Cuts,4,-1,168,June,large,0,437,44213,21.04,70605.6,70610.4,71725.9,6215,16296,2520,151868,TRUE,100,5,50,1,0,0,0,0
GIB+Cuts,4,-1,168,June,large,2,9,30427,28.44,71714.4,71719.2,71978.6,13775,17304,3528,188156,TRUE,100,5,50,1,13,0.177702,71714.4,71732.1
GIB+Cuts,4,-1,168,June,large,3,13433,399176,80.6,72097.3,72104.1,73670.6,6215,16296,2520,152204,TRUE,100,5,50,1,0,0,0,0
GIB+Cuts,4,-1,168,June,large,8,0,6181,3.09,71533.4,71535.7,73269.2,7223,16800,3024,168164,TRUE,100,5,50,1,0,0,0,0
GIB+Cuts,4,-1,168,June,large,6,60,22157,12.11,68283.7,68284.4,69375.6,7223,16800,3024,166148,TRUE,100,5,50,1,2,0.168549,68283.7,68320.2
GIB+Cuts,4,-1,168,June,large,5,10,20798,15.38,69611.4,69618,69828,7223,16800,3024,169004,TRUE,100,5,50,1,3,0.179825,69611.4,69627.6
GIB+Cuts,4,-1,168,June,large,7,1201,46703,22.86,70733.7,70733.8,72606.7,7223,16800,3024,168668,TRUE,100,5,50,1,0,1.83426,70700.8,71182
GIB+Cuts,4,-1,168,June,large,9,42242,941965,338.35,68599.4,68606.1,70297.5,7223,16800,3024,167660,TRUE,100,5,50,1,55,67.3622,60409.2,68984.4
GIB,4,-1,168,June,small,6,0,3782,0.58,65591.09043,65593.85463,69056.06458,5207,5712,2016,34268,,,,,,,,,
GIB,4,-1,168,June,small,9,1,4461,1.62,61805.77699,61805.7794,62864.3502,5207,5712,2016,36284,,,,,,,,,
GIB,4,-1,168,June,small,1,0,4603,1.52,62562.91517,62567.81919,66522.91588,5207,5712,2016,35948,,,,,,,,,
GIB,4,-1,168,June,small,8,5,6954,1.95,70621.29031,70621.36139,70890.86205,4871,5544,1848,34436,,,,,,,,,
GIB,4,-1,168,June,small,5,0,11497,3.84,60478.72551,60484.15387,63656.13274,4871,5544,1848,35948,,,,,,,,,
GIB,4,-1,168,June,small,2,0,11101,4.35,71597.86398,71598.36586,72629.11728,5207,5712,2016,36284,,,,,,,,,
GIB,4,-1,168,June,small,3,313,36467,10.4,66368.99054,66369.05797,68248.30346,5207,5712,2016,34772,,,,,,,,,
GIB,4,-1,168,June,small,4,26,25199,11.74,63763.18183,63768.31286,65366.25467,5879,6048,2352,39644,,,,,,,,,
GIB,4,-1,168,June,small,0,191531,7354693,691.83,69252.59314,69259.51255,70832.12254,5207,5712,2016,36788,,,,,,,,,
GIB,4,-1,168,June,small,7,1889455,43714402,3600.06,66663.10014,66735.07168,68266.85596,4180,4129,1446,53663,,,,,,,,,
GIB,4,-1,168,June,medium,9,0,5980,0.94,71469.69089,71472.47094,71143.45771,5879,9912,2352,78116,,,,,,,,,
GIB,4,-1,168,June,medium,0,0,6210,2.33,67619.66001,67621.6141,68134.1283,5879,9912,2352,79460,,,,,,,,,
GIB,4,-1,168,June,medium,4,0,9646,3.64,72091.64923,72097.37355,72318.51702,5879,9912,2352,83828,,,,,,,,,
GIB,4,-1,168,June,medium,6,0,15463,6.7,70409.0891,70415.66001,72192.35697,5543,9744,2184,77108,,,,,,,,,
GIB,4,-1,168,June,medium,5,3,14512,7.79,66620.03648,66622.69738,68441.4234,5879,9912,2352,82148,,,,,,,,,
GIB,4,-1,168,June,medium,1,5,16633,8.16,69514.01535,69520.08101,69241.24477,6887,10416,2856,87188,,,,,,,,,
GIB,4,-1,168,June,medium,3,65,22634,8.83,69846.63357,69853.06125,71153.24063,5543,9744,2184,76940,,,,,,,,,
GIB,4,-1,168,June,medium,8,7,20119,11.21,67565.07404,67570.58516,67888.14444,5879,9912,2352,83324,,,,,,,,,
GIB,4,-1,168,June,medium,7,41940,1289667,268.63,70447.53768,70454.56516,71085.15325,5879,9912,2352,82148,,,,,,,,,
GIB,4,-1,168,June,medium,2,725881,15906566,3600.06,71659.57369,71749.32485,72336.83582,5263,9405,2182,315526,,,,,,,,,
GIB,4,-1,168,June,large,8,0,7823,1.57,71531.97787,71537.44866,72500.71667,7223,16800,3024,168164,,,,,,,,,
GIB,4,-1,168,June,large,1,15,18368,7.85,70805.55935,70811.1723,70546.71985,6215,16296,2520,151700,,,,,,,,,
GIB,4,-1,168,June,large,4,7,22243,12.72,72674.19702,72681.34294,72975.93251,6551,16464,2688,166316,,,,,,,,,
GIB,4,-1,168,June,large,6,192,22474,13.16,68283.66699,68289.12029,69776.8221,7223,16800,3024,166148,,,,,,,,,
GIB,4,-1,168,June,large,2,69,24509,17.83,71717.16767,71722.35048,72259.03345,13775,17304,3528,188156,,,,,,,,,
GIB,4,-1,168,June,large,7,1393,52933,21.81,70733.74767,70733.81933,70783.64793,7223,16800,3024,168668,,,,,,,,,
GIB,4,-1,168,June,large,5,1144,69343,22.67,69611.37286,69618.2739,69116.31354,7223,16800,3024,169004,,,,,,,,,
GIB,4,-1,168,June,large,0,3,40275,28.5,70605.61014,70611.07381,70933.44172,6215,16296,2520,151868,,,,,,,,,
GIB,4,-1,168,June,large,3,7457,309936,70.75,72097.32222,72104.01478,72878.14258,6215,16296,2520,152204,,,,,,,,,
GIB,4,-1,168,June,large,9,195333,5465237,1569.37,68599.36291,68606.19923,69505.64871,7223,16800,3024,167660,,,,,,,,,
DCC,4,-1,168,June,small,9,0,2451,1.38,61805.62221,61807.00192,62861.72699,6887,18816,5040,80132,,,,,,,,,
DCC,4,-1,168,June,small,6,0,7508,4.11,65588.30372,65593.47818,69124.20579,6887,18816,5040,80132,,,,,,,,,
DCC,4,-1,168,June,small,8,0,5839,5.57,70621.29031,70621.71414,72165.77107,6887,18816,5040,80132,,,,,,,,,
DCC,4,-1,168,June,small,1,0,7021,6.13,62564.47746,62570.00686,66462.83118,6887,18816,5040,80132,,,,,,,,,
DCC,4,-1,168,June,small,5,0,9003,7.37,60478.72551,60484.05771,65121.81926,6887,18816,5040,80132,,,,,,,,,
DCC,4,-1,168,June,small,2,122,16648,7.97,71597.86398,71601.26684,72629.11728,6887,18816,5040,80132,,,,,,,,,
DCC,4,-1,168,June,small,4,1110,45366,26.93,63763.18178,63769.31887,65366.25462,6887,18816,5040,80132,,,,,,,,,
DCC,4,-1,168,June,small,3,28435,557436,165.94,66368.99054,66374.40396,68248.30346,6887,18816,5040,80132,,,,,,,,,
DCC,4,-1,168,June,small,7,282473,13572416,3600.05,66658.48283,66906.92243,68137.97937,5869,16425,4159,190170,,,,,,,,,
DCC,4,-1,168,June,small,0,461337,21005656,3600.06,69252.59314,69456.51944,70832.12254,5833,16641,4256,124627,,,,,,,,,
DCC,4,-1,168,June,medium,9,0,4982,5.67,71469.14914,71473.64579,72140.70673,13271,44352,11424,188660,,,,,,,,,
DCC,4,-1,168,June,medium,0,0,8015,10.84,67619.66001,67624.71563,67102.97033,13271,44352,11424,188660,,,,,,,,,
DCC,4,-1,168,June,medium,6,3,7483,15.45,70409.76819,70416.26371,71158.01328,13271,44352,11424,188660,,,,,,,,,
DCC,4,-1,168,June,medium,5,5,25426,23.34,66622.38844,66622.4554,69523.55914,13271,44352,11424,188660,,,,,,,,,
DCC,4,-1,168,June,medium,3,1128,34705,24.48,69848.74418,69855.43339,71151.41161,13271,44352,11424,188660,,,,,,,,,
DCC,4,-1,168,June,medium,4,1087,62143,30.25,72091.75899,72096.59948,71044.14839,13271,44352,11424,188660,,,,,,,,,
DCC,4,-1,168,June,medium,1,15068,155482,151.69,69514.3315,69521.0343,68954.35916,13271,44352,11424,188660,,,,,,,,,
DCC,4,-1,168,June,medium,8,46970,410568,480.58,67565.07405,67571.659,69163.05345,13271,44352,11424,188660,,,,,,,,,
DCC,4,-1,168,June,medium,2,380465,7371514,3600.04,71670.45555,71736.72621,72312.2857,12552,43506,11158,414706,,,,,,,,,
DCC,4,-1,168,June,medium,7,167141,8180995,3600.06,70437.77881,70831.35487,71186.86276,11590,40580,10294,517653,,,,,,,,,
DCC,4,-1,168,June,large,1,2,10028,25.4,70809.191,70815.09876,71642.70978,23687,86016,21840,365732,,,,,,,,,
DCC,4,-1,168,June,large,8,0,4554,28.21,71533.2797,71540.40996,71445.80895,23687,86016,21840,365732,,,,,,,,,
DCC,4,-1,168,June,large,2,1,10246,49.94,71719.22127,71725.25326,72250.14417,23687,86016,21840,365732,,,,,,,,,
DCC,4,-1,168,June,large,5,5746,95750,216.22,69612.52875,69618.96306,70047.10229,23687,86016,21840,365732,,,,,,,,,
DCC,4,-1,168,June,large,0,6650,101863,310.51,70605.61014,70610.52626,71964.59969,23687,86016,21840,365732,,,,,,,,,
DCC,4,-1,168,June,large,6,85290,47177,1412.54,68283.66699,68289.92679,69776.8221,23687,86016,21840,365732,,,,,,,,,
DCC,4,-1,168,June,large,9,55265,658182,1810.55,68599.34166,68606.04751,69500.55558,23687,86016,21840,365732,,,,,,,,,
DCC,4,-1,168,June,large,4,121860,848926,1865.46,72674.19702,72681.461,72975.93251,23687,86016,21840,365732,,,,,,,,,
DCC,4,-1,168,June,large,3,363823,4816143,3600.06,72097.28118,72112.46112,72889.22406,12552,46234,11570,280476,,,,,,,,,
DCC,4,-1,168,June,large,7,83553,3807134,3600.13,70730.14988,70940.50387,71863.05764,22959,85216,21620,535611,,,,,,,,,
CC,4,-1,168,June,small,6,0,7118,1.92,65591.09043,65592.28632,68024.90661,5711,8736,5040,41492,,,,,,,,,
CC,4,-1,168,June,small,9,0,5154,1.81,61805.77699,61806.68487,61833.19222,5711,8736,5040,41492,,,,,,,,,
CC,4,-1,168,June,small,8,5,12355,4.31,70621.29031,70621.36139,71134.6131,5711,8736,5040,41492,,,,,,,,,
CC,4,-1,168,June,small,1,0,4962,4.94,62564.34547,62568.35647,65437.94896,5711,8736,5040,41492,,,,,,,,,
CC,4,-1,168,June,small,2,3,15158,7.17,71597.86398,71597.93608,72629.11728,5711,8736,5040,41492,,,,,,,,,
CC,4,-1,168,June,small,5,0,23546,10.65,60478.06978,60482.15346,61407.35784,5711,8736,5040,41492,,,,,,,,,
CC,4,-1,168,June,small,4,4954,125413,33.81,63763.18179,63769.3895,64335.09679,5711,8736,5040,41492,,,,,,,,,
CC,4,-1,168,June,small,3,8670,291986,58.35,66368.99054,66369.31269,68439.08097,5711,8736,5040,41492,,,,,,,,,
CC,4,-1,168,June,small,0,15492,1148087,167.04,69252.59314,69259.43825,70832.12254,5711,8736,5040,41492,,,,,,,,,
CC,4,-1,168,June,small,7,1392776,32752906,3379.73,66663.1001,66669.76635,68266.85591,5711,8736,5040,41492,,,,,,,,,
CC,4,-1,168,June,medium,0,0,9781,5.83,67619.62853,67619.83534,68127.68879,9575,18984,11424,90212,,,,,,,,,
CC,4,-1,168,June,medium,6,0,12759,7.98,70408.58311,70415.02768,70958.55334,9575,18984,11424,90212,,,,,,,,,
CC,4,-1,168,June,medium,4,1,15098,8.36,72091.77361,72096.0068,70013.78427,9575,18984,11424,90212,,,,,,,,,
CC,4,-1,168,June,medium,9,178,23141,9.7,71472.36826,71472.37423,71112.66879,9575,18984,11424,90212,,,,,,,,,
CC,4,-1,168,June,medium,5,1,19754,12.57,66622.38844,66629.03425,69523.55914,9575,18984,11424,90212,,,,,,,,,
CC,4,-1,168,June,medium,3,1802,58682,28.09,69848.74418,69853.27803,71151.41161,9575,18984,11424,90212,,,,,,,,,
CC,4,-1,168,June,medium,8,7091,87515,54.26,67565.07404,67568.5653,69163.05346,9575,18984,11424,90212,,,,,,,,,
CC,4,-1,168,June,medium,1,31155,455508,179.27,69514.3315,69521.20561,70229.26818,9575,18984,11424,90212,,,,,,,,,
CC,4,-1,168,June,medium,7,452379,13025626,3600.11,70447.56353,70646.466,71083.65494,8598,17959,10864,243392,,,,,,,,,
CC,4,-1,168,June,medium,2,527046,12772397,3600.09,71670.51356,71687.5384,72324.5206,9616,18477,11254,210699,,,,,,,,,
CC,4,-1,168,June,large,8,0,13638,15.05,71533.20525,71537.18751,72476.02699,15791,35616,21840,169172,,,,,,,,,
CC,4,-1,168,June,large,2,124,33590,24.12,71714.94587,71721.0939,72293.29028,15791,35616,21840,169172,,,,,,,,,
CC,4,-1,168,June,large,1,148,21210,25.5,70808.50055,70813.02032,71651.28137,15791,35616,21840,169172,,,,,,,,,
CC,4,-1,168,June,large,5,2336,86573,53.33,69612.52875,69617.735,69015.94431,15791,35616,21840,169172,,,,,,,,,
CC,4,-1,168,June,large,0,5234,225623,152.23,70605.61015,70612.06994,70933.4423,15791,35616,21840,169172,,,,,,,,,
CC,4,-1,168,June,large,4,5562,347648,208.99,72674.19702,72681.27463,72975.93251,15791,35616,21840,169172,,,,,,,,,
CC,4,-1,168,June,large,3,43220,1963875,948.12,72097.32222,72104.29665,72878.14258,15791,35616,21840,169172,,,,,,,,,
CC,4,-1,168,June,large,6,332351,1204807,1850.73,68283.66699,68290.48868,69776.8221,15791,35616,21840,169172,,,,,,,,,
CC,4,-1,168,June,large,7,108451,5887047,3600.26,70733.4557,70987.05946,71948.67087,15270,34171,21037,592372,,,,,,,,,
CC,4,-1,168,June,large,9,115302,4030810,3600.14,68599.36291,68695.13982,69505.64871,15426,35234,21795,406823,,,,,,,,,
MC,4,-1,168,June,small,9,0,7999,5.29,61804.90455,61805.94397,62808.23228,15623,14448,5040,74420,,,,,,,,,
MC,4,-1,168,June,small,8,5,5983,7.29,70621.30739,70621.37846,69859.70432,15623,14448,5040,74420,,,,,,,,,
MC,4,-1,168,June,small,2,32,9561,10.52,71595.91764,71600.81342,72627.94102,15623,14448,5040,74420,,,,,,,,,
MC,4,-1,168,June,small,6,139,16653,14.4,65591.22336,65595.01086,67781.20723,15623,14448,5040,74420,,,,,,,,,
MC,4,-1,168,June,small,1,424,37120,27.19,62564.44095,62570.41946,66461.57533,15623,14448,5040,74420,,,,,,,,,
MC,4,-1,168,June,small,5,2780,64446,36.04,60478.73295,60482.27286,63656.1361,15623,14448,5040,74420,,,,,,,,,
MC,4,-1,168,June,small,3,20698,357191,121.86,66369.02888,66375.24715,65942.22337,15623,14448,5040,74420,,,,,,,,,
MC,4,-1,168,June,small,0,27975,958523,301.09,69252.60126,69258.90406,70832.12203,15623,14448,5040,74420,,,,,,,,,
MC,4,-1,168,June,small,4,23905,683333,325.37,63763.5117,63767.26108,64335.24929,15623,14448,5040,74420,,,,,,,,,
MC,4,-1,168,June,small,7,596506,16421443,3600.07,66663.10321,66701.89598,68266.85875,11980,11152,3548,95137,,,,,,,,,
MC,4,-1,168,June,medium,9,79,12325,39.15,71472.5466,71473.66591,72143.81011,34775,33600,11424,175220,,,,,,,,,
MC,4,-1,168,June,medium,6,359,34633,48.98,70409.98337,70411.98294,70914.36195,34775,33600,11424,175220,,,,,,,,,
MC,4,-1,168,June,medium,0,231,43179,52.16,67617.22254,67620.83743,67026.9507,34775,33600,11424,175220,,,,,,,,,
MC,4,-1,168,June,medium,4,345,55607,53.74,72092.18913,72098.27865,70013.85593,34775,33600,11424,175220,,,,,,,,,
MC,4,-1,168,June,medium,5,806,52126,66.39,66622.80984,66629.1974,67217.62136,34775,33600,11424,175220,,,,,,,,,
MC,4,-1,168,June,medium,8,10691,275139,302.68,67565.32683,67571.95678,69163.13459,34775,33600,11424,175220,,,,,,,,,
MC,4,-1,168,June,medium,1,60253,1466727,866.26,69514.30917,69521.13111,70272.40142,34775,33600,11424,175220,,,,,,,,,
MC,4,-1,168,June,medium,3,83961,1296011,1491.94,69848.74866,69855.72943,71151.41278,34775,33600,11424,175220,,,,,,,,,
MC,4,-1,168,June,medium,2,300702,9004202,3600.1,71667.44378,71715.41954,72391.30177,27898,28313,8995,171158,,,,,,,,,
MC,4,-1,168,June,medium,7,224099,8361150,3600.07,70421.21693,70944.68672,71198.91287,21612,23697,6473,140749,,,,,,,,,
MC,4,-1,168,June,large,2,521,96210,241.54,71720.49818,71727.45684,72250.23743,66023,64848,21840,339860,,,,,,,,,
MC,4,-1,168,June,large,8,1989,280806,355.26,71530.82961,71537.22157,71442.29566,66023,64848,21840,339860,,,,,,,,,
MC,4,-1,168,June,large,1,2592,187871,429.63,70810.16281,70814.2975,70398.20802,66023,64848,21840,339860,,,,,,,,,
MC,4,-1,168,June,large,5,28244,819200,3303.52,69612.6318,69619.52838,70008.03728,66023,64848,21840,339860,,,,,,,,,
MC,4,-1,168,June,large,3,141210,2675926,3600.11,72097.30849,72112.5237,72889.48581,14836,24382,3902,100786,,,,,,,,,
MC,4,-1,168,June,large,7,21151,2242835,3600.19,70713.67507,71181.92786,71896.27778,58797,59439,19251,372276,,,,,,,,,
MC,4,-1,168,June,large,4,76965,1734667,3600.1,72674.85387,72687.31169,72971.30237,39629,44331,12349,243334,,,,,,,,,
MC,4,-1,168,June,large,0,59103,2082789,3600.27,70605.77337,70648.48546,71928.24253,61919,61969,20533,359395,,,,,,,,,
MC,4,-1,168,June,large,6,46458,1219241,3600.31,68283.68426,68351.42663,69776.82737,53559,55422,17269,305819,,,,,,,,,
MC,4,-1,168,June,large,9,24337,2084457,3600.35,68599.62678,68946.70922,69488.83808,62478,62389,20667,436117,,,,,,,,,
DLog,4,-1,168,June,small,9,0,9629,3.7,61805.70384,61806.24888,62859.42168,4199,15288,1512,138596,,,,,,,,,
DLog,4,-1,168,June,small,6,0,11144,8.33,65591.00615,65591.35711,69055.72777,4199,15288,1512,138596,,,,,,,,,
DLog,4,-1,168,June,small,1,0,13004,10.59,62564.56297,62569.27738,66452.6622,4199,15288,1512,138596,,,,,,,,,
DLog,4,-1,168,June,small,2,282,28156,18.87,71597.85065,71602.2385,72628.87455,4199,15288,1512,138596,,,,,,,,,
DLog,4,-1,168,June,small,8,16,19542,19.07,70621.29031,70627.6956,72165.77107,4199,15288,1512,138596,,,,,,,,,
DLog,4,-1,168,June,small,5,43041,519924,261.44,60478.72551,60483.43415,63656.13274,4199,15288,1512,138596,,,,,,,,,
DLog,4,-1,168,June,small,4,105740,1358673,494.59,63763.18178,63769.55652,65366.25462,4199,15288,1512,138596,,,,,,,,,
DLog,4,-1,168,June,small,0,363669,18065797,3600.05,68993.58194,69885.89973,70594.59657,3485,14643,1283,290491,,,,,,,,,
DLog,4,-1,168,June,small,7,498808,8479956,3600.09,66663.1001,66838.89926,68266.85591,3393,14781,1342,336358,,,,,,,,,
DLog,4,-1,168,June,small,3,444510,11853407,3600.1,66364.48998,66989.74023,69814.24519,3293,14543,1183,402540,,,,,,,,,
DLog,4,-1,168,June,medium,0,0,4233,11.19,67617.57405,67624.27036,68143.07005,4535,34608,1680,362708,,,,,,,,,
DLog,4,-1,168,June,medium,9,0,7418,16.17,71472.36826,71478.7769,71112.66879,4535,34608,1680,362708,,,,,,,,,
DLog,4,-1,168,June,medium,6,3,25258,37.21,70409.76819,70416.69666,71158.01328,4535,34608,1680,362708,,,,,,,,,
DLog,4,-1,168,June,medium,4,690,18658,47.11,72091.71077,72095.9382,70014.96119,4535,34608,1680,362708,,,,,,,,,
DLog,4,-1,168,June,medium,1,28861,302951,260.48,69514.3315,69521.21556,69198.1102,4535,34608,1680,362708,,,,,,,,,
DLog,4,-1,168,June,medium,5,63772,832333,660.37,66622.38844,66628.75417,67217.49215,4535,34608,1680,362708,,,,,,,,,
DLog,4,-1,168,June,medium,3,72821,741467,703.57,69848.73382,69855.71091,70120.28135,4535,34608,1680,362708,,,,,,,,,
DLog,4,-1,168,June,medium,7,112698,5382353,3600.11,70416.19927,71084.37194,69853.30919,3674,33652,1350,799591,,,,,,,,,
DLog,4,-1,168,June,medium,8,434038,4719446,3600.08,67562.39157,67626.03063,69029.3061,2680,26535,966,549592,,,,,,,,,
DLog,4,-1,168,June,medium,2,220571,9238791,3600.17,70744.30439,71907.63965,69677.34895,3828,34101,1510,891236,,,,,,,,,
DLog,4,-1,168,June,large,8,0,14143,31.47,71533.30172,71538.05979,72477.28076,4871,66024,1848,770276,,,,,,,,,
DLog,4,-1,168,June,large,1,14,29548,56.03,70804.319,70811.2551,70576.42769,4871,66024,1848,770276,,,,,,,,,
DLog,4,-1,168,June,large,2,5793,126657,299.17,71719.22127,71726.2686,72250.14417,4871,66024,1848,770276,,,,,,,,,
DLog,4,-1,168,June,large,4,129491,2870552,3600.08,72674.19702,72704.57278,72975.93251,2427,42716,875,845807,,,,,,,,,
DLog,4,-1,168,June,large,0,116252,1845861,3600.07,70604.33198,70630.4103,70923.8617,4070,65517,1678,1449869,,,,,,,,,
DLog,4,-1,168,June,large,5,125045,3684673,3600.24,68058.09759,69647.29546,68605.68104,4034,65517,1678,1068289,,,,,,,,,
DLog,4,-1,168,June,large,3,70365,1649524,3600.3,72096.00894,72166.32079,72911.12431,2538,43099,888,1020039,,,,,,,,,
DLog,4,-1,168,June,large,9,41958,1512296,3600.59,68562.05217,68802.77698,68535.13862,3827,63365,1419,1299728,,,,,,,,,
DLog,4,-1,168,June,large,7,62899,1151395,3600.8,70732.29135,70818.29347,70777.22498,2962,50170,1095,2107054,,,,,,,,,
GIB+Cuts,4,-1,168,December,small,2,0,7936,2.1,175633,175650,177120,5207,5712,2016,36284,TRUE,100,5,50,1,0,0,0,0
GIB+Cuts,4,-1,168,December,small,1,4,13597,5.43,173010,173026,176931,5207,5712,2016,35948,TRUE,100,5,50,1,0,0,0,0
GIB+Cuts,4,-1,168,December,small,4,1315,52104,16.14,174250,174250,177384,5879,6048,2352,39644,TRUE,100,5,50,1,52,0.876941,174250,174370
GIB+Cuts,4,-1,168,December,small,3,751,61157,17.82,168487,168487,172644,5207,5712,2016,34772,TRUE,100,5,50,1,0,0,0,0
GIB+Cuts,4,-1,168,December,small,0,366090,17541269,3600.08,168187,169894,174307,4673,5150,1791,156775,TRUE,100,5,50,1,0,0,0,0
GIB+Cuts,4,-1,168,December,small,6,0,8310,2.34,174525,174541,176658,5207,5712,2016,34268,TRUE,100,5,50,1,0,0,0,0
GIB+Cuts,4,-1,168,December,small,8,4,9173,2.89,175259,175259,177798,4871,5544,1848,34436,TRUE,100,5,50,1,0,0,0,0
GIB+Cuts,4,-1,168,December,small,9,430,27947,7.68,165573,165587,167517,5207,5712,2016,36284,TRUE,100,5,50,1,0,0,0,0
GIB+Cuts,4,-1,168,December,small,5,0,13914,9.16,165538,165551,173093,4871,5544,1848,35948,TRUE,100,5,50,1,0,0,0,0
GIB+Cuts,4,-1,168,December,small,7,600396,26698443,3600.05,161762,162016,165820,5100,5328,1969,133090,TRUE,100,5,50,1,20982,424.748,161595,164262
GIB+Cuts,4,-1,168,December,medium,2,7,14339,10.39,176392,176405,177761,5879,9912,2352,78284,TRUE,100,5,50,1,0,0,0,0
GIB+Cuts,4,-1,168,December,medium,4,32,10926,13.97,173860,173872,176505,5879,9912,2352,83828,TRUE,100,5,50,1,0,0,0,0
GIB+Cuts,4,-1,168,December,medium,1,107796,1982593,442.91,174759,174776,176832,6887,10416,2856,87188,TRUE,100,5,50,1,808,86.5466,56667.9,175706
GIB+Cuts,4,-1,168,December,medium,0,84222,1726219,634.63,174722,174739,177040,5879,9912,2352,79460,TRUE,100,5,50,1,0,0,0,0
GIB+Cuts,4,-1,168,December,medium,3,108786,4424166,935.15,173831,174157,175787,4695,9049,1826,140110,TRUE,100,5,50,1,0,0,0,0
GIB+Cuts,4,-1,168,December,medium,8,46220,1485734,257.96,176440,176457,178144,5879,9912,2352,83324,TRUE,100,5,50,1,0,0,0,0
GIB+Cuts,4,-1,168,December,medium,7,501952,8770435,2529.01,175361,175378,177334,5879,9912,2352,82148,TRUE,100,5,50,1,0,0,0,0
GIB+Cuts,4,-1,168,December,medium,6,446520,8469684,3600.07,172327,172401,173902,4699,8946,1776,302070,TRUE,100,5,50,1,0,0,0,0
GIB+Cuts,4,-1,168,December,medium,5,424966,11269389,3600.06,174576,174855,175663,4788,9022,1909,264827,TRUE,100,5,50,1,0,0,0,0
GIB+Cuts,4,-1,168,December,medium,9,220080,7286536,3600.17,174289,174960,176622,4897,9151,1970,354688,TRUE,100,5,50,1,0,0,0,0
GIB+Cuts,4,-1,168,December,large,1,128,24469,10.61,175534,175551,176547,6215,16296,2520,151700,TRUE,100,5,50,1,0,0,0,0
GIB+Cuts,4,-1,168,December,large,4,0,21399,18.61,176789,176798,177771,6551,16464,2688,166316,TRUE,100,5,50,1,0,0,0,0
GIB+Cuts,4,-1,168,December,large,0,3354,94687,38.93,175753,175769,177282,6215,16296,2520,151868,TRUE,100,5,50,1,0,0,0,0
GIB+Cuts,4,-1,168,December,large,2,65984,2194503,817.56,174178,174194,175391,13775,17304,3528,188156,TRUE,100,5,50,1,4552,116.863,106044,175100
GIB+Cuts,4,-1,168,December,large,3,192403,5912400,1398.88,176575,176592,177965,6215,16296,2520,152204,TRUE,100,5,50,1,0,0,0,0
GIB+Cuts,4,-1,168,December,large,9,0,10462,17.79,175875,175888,177015,7223,16800,3024,167660,TRUE,100,5,50,1,30,0.056628,175875,175925
GIB+Cuts,4,-1,168,December,large,5,7190,172152,66.28,176538,176555,177997,7223,16800,3024,169004,TRUE,100,5,50,1,40,12.9684,172949,176833
GIB+Cuts,4,-1,168,December,large,6,10325,266186,77.54,177312,177329,178032,7223,16800,3024,166148,TRUE,100,5,50,1,166,11.3514,165354,177352
GIB+Cuts,4,-1,168,December,large,8,8076,308551,106.84,176966,176984,178252,7223,16800,3024,168164,TRUE,100,5,50,1,157,16.2865,174572,177091
GIB+Cuts,4,-1,168,December,large,7,334171,12632904,3600.1,174915,175185,176620,6537,16195,2793,312920,TRUE,100,5,50,1,3798,699.546,13540.4,175959
GIB,4,-1,168,December,small,2,0,5417,1.69,175635.2174,175652.7456,176597.2193,5207,5712,2016,36284,,,,,,,,,
GIB,4,-1,168,December,small,6,0,8118,2.24,174523.8207,174541.1977,176254.4849,5207,5712,2016,34268,,,,,,,,,
GIB,4,-1,168,December,small,8,7,8143,3.53,175258.5607,175258.637,177178.9736,4871,5544,1848,34436,,,,,,,,,
GIB,4,-1,168,December,small,1,0,10860,3.56,173009.7102,173026.7252,176317.1619,5207,5712,2016,35948,,,,,,,,,
GIB,4,-1,168,December,small,9,3,13451,5.6,165577.5659,165582.7696,167006.087,5207,5712,2016,36284,,,,,,,,,
GIB,4,-1,168,December,small,5,0,9359,7.94,165537.2279,165550.3879,172473.5952,4871,5544,1848,35948,,,,,,,,,
GIB,4,-1,168,December,small,4,3,13952,8.94,174249.8368,174266.0409,176769.5576,5879,6048,2352,39644,,,,,,,,,
GIB,4,-1,168,December,small,3,3657,138168,31.41,168487.2731,168487.4435,172029.2147,5207,5712,2016,34772,,,,,,,,,
GIB,4,-1,168,December,small,7,548228,22862178,3600.04,161761.6428,162402.7149,165286.1732,5152,5318,1959,95397,,,,,,,,,
GIB,4,-1,168,December,small,0,318732,16578507,3600.11,168201.854,169660.5051,173775.3326,4877,5205,1846,204356,,,,,,,,,
GIB,4,-1,168,December,medium,2,149,22536,11.23,176403.3456,176419.5244,177022.7696,5879,9912,2352,78284,,,,,,,,,
GIB,4,-1,168,December,medium,4,535,33579,26.72,173865.0781,173865.2525,175882.8269,5879,9912,2352,83828,,,,,,,,,
GIB,4,-1,168,December,medium,8,28907,924280,310.89,176439.773,176457.3517,177523.8558,5879,9912,2352,83324,,,,,,,,,
GIB,4,-1,168,December,medium,1,51683,994959,445.17,174758.9783,174776.1956,176216.8273,6887,10416,2856,87188,,,,,,,,,
GIB,4,-1,168,December,medium,3,118560,3529198,2014.71,173827.6061,173844.9082,175619.322,5543,9744,2184,76940,,,,,,,,,
GIB,4,-1,168,December,medium,0,288017,4877458,2670.53,174721.9526,174739.4095,176424.388,5879,9912,2352,79460,,,,,,,,,
GIB,4,-1,168,December,medium,6,491526,5516991,3600.02,172316.1254,172385.1414,173232.6661,4910,9237,2014,316079,,,,,,,,,
GIB,4,-1,168,December,medium,5,326358,9726886,3600.07,174578.7279,174872.4555,175004.3849,4832,8998,1893,247849,,,,,,,,,
GIB,4,-1,168,December,medium,7,451414,11494599,3600.04,175360.7387,175422.5545,176640.7445,4685,8656,1833,172751,,,,,,,,,
GIB,4,-1,168,December,medium,9,195624,5787647,3600.18,174294.761,174902.9502,175760.8362,4914,9150,1969,359910,,,,,,,,,
GIB,4,-1,168,December,large,9,35,13334,11.59,175865.7094,175877.2044,176409.6817,7223,16800,3024,167660,,,,,,,,,
GIB,4,-1,168,December,large,1,532,29062,12.14,175525.0804,175540.84,175970.8093,6215,16296,2520,151700,,,,,,,,,
GIB,4,-1,168,December,large,4,42,12711,14.02,176788.2921,176804.2278,177167.4604,6551,16464,2688,166316,,,,,,,,,
GIB,4,-1,168,December,large,0,1434,46941,27.34,175754.6649,175766.6186,176643.0046,6215,16296,2520,151868,,,,,,,,,
GIB,4,-1,168,December,large,6,4478,124307,62.62,177308.1246,177325.6308,177430.1229,7223,16800,3024,166148,,,,,,,,,
GIB,4,-1,168,December,large,5,11999,316023,95.71,176538.3702,176555.8474,177383.0837,7223,16800,3024,169004,,,,,,,,,
GIB,4,-1,168,December,large,3,92401,2900923,851.64,176574.6218,176592.1746,177349.1593,6215,16296,2520,152204,,,,,,,,,
GIB,4,-1,168,December,large,8,483134,7935841,1961.73,176966.2605,176983.9587,177636.5915,7223,16800,3024,168164,,,,,,,,,
GIB,4,-1,168,December,large,7,261863,8548276,3600.16,174893.7532,175217.2302,176042.7275,6614,16293,2854,470455,,,,,,,,,
DCC,4,-1,168,December,small,8,0,6537,5.59,175258.5607,175273.3865,177178.9736,6887,18816,5040,80132,,,,,,,,,
DCC,4,-1,168,December,small,1,12,11598,12.12,173009.7,173023.6824,176315.8019,6887,18816,5040,80132,,,,,,,,,
DCC,4,-1,168,December,small,6,7,11045,12.98,174527.9621,174542.6509,176207.5646,6887,18816,5040,80132,,,,,,,,,
DCC,4,-1,168,December,small,2,306,26686,14.86,175636.9166,175653.1649,176540.4042,6887,18816,5040,80132,,,,,,,,,
DCC,4,-1,168,December,small,4,0,35124,18.74,174243.5842,174251.8668,176743.1968,6887,18816,5040,80132,,,,,,,,,
DCC,4,-1,168,December,small,9,29738,366199,194.09,165579.5644,165596.09,166813.1083,6887,18816,5040,80132,,,,,,,,,
DCC,4,-1,168,December,small,3,37831,622193,311.34,168487.1674,168504.0143,172030.8819,6887,18816,5040,80132,,,,,,,,,
DCC,4,-1,168,December,small,5,52332,418497,318.2,165538.8658,165555.2581,172472.1034,6887,18816,5040,80132,,,,,,,,,
DCC,4,-1,168,December,small,0,316306,3408218,1371.4,168262.8444,168279.6503,173780.3014,6887,18816,5040,80132,,,,,,,,,
DCC,4,-1,168,December,small,7,252947,12160141,3600.11,161657.2319,163110.697,165610.1986,6003,17253,4420,220141,,,,,,,,,
DCC,4,-1,168,December,medium,0,4994,9901,249.23,174721.9525,174730.9833,176424.388,13271,44352,11424,188660,,,,,,,,,
DCC,4,-1,168,December,medium,2,47751,600670,1103.18,176399.1318,176416.7724,177023.7953,13271,44352,11424,188660,,,,,,,,,
DCC,4,-1,168,December,medium,8,139052,3154805,3600.1,176431.3667,176614.035,177510.9521,12235,43155,10990,544684,,,,,,,,,
DCC,4,-1,168,December,medium,5,129455,3965702,3600.04,174577.7245,175037.2711,175048.7673,11884,42262,10631,569596,,,,,,,,,
DCC,4,-1,168,December,medium,1,105447,3072846,3600.11,174755.6729,175345.1813,176197.0679,12497,43150,10993,360764,,,,,,,,,
DCC,4,-1,168,December,medium,9,64055,3359172,3600.07,173541.8717,175147.5059,175279.8945,12344,43106,10984,717687,,,,,,,,,
DCC,4,-1,168,December,medium,6,64034,2638165,3600.19,172280.4128,172775.7568,173153.2362,12411,43229,10976,628455,,,,,,,,,
DCC,4,-1,168,December,large,1,3277,24035,713.37,175533.9734,175537.9726,175935.1168,23687,86016,21840,365732,,,,,,,,,
DCC,4,-1,168,December,large,5,46802,1197574,2502.18,176538.6827,176556.3213,177383.0981,23687,86016,21840,365732,,,,,,,,,
DCC,4,-1,168,December,large,8,48596,1491884,3508.76,176966.2904,176983.9249,177635.389,23687,86016,21840,365732,,,,,,,,,
DCC,4,-1,168,December,large,0,46392,1487771,3600.14,175728.7481,175968.3752,176587.6412,22543,83988,21224,545298,,,,,,,,,
DCC,4,-1,168,December,large,2,55136,2552043,3600.13,173650.1935,175087.5662,174517.5959,22812,85125,21539,515300,,,,,,,,,
DCC,4,-1,168,December,large,7,8816,1115692,3600.16,173279.6342,175491.9578,174417.5221,22955,85183,21551,1075583,,,,,,,,,
DCC,4,-1,168,December,large,3,24434,2349534,3600.19,174702.2746,176821.9256,175412.2514,22883,85201,21553,938340,,,,,,,,,
DCC,4,-1,168,December,large,4,66652,1297558,3600.48,176788.3851,176834.2075,177170.0381,22778,84925,21526,960412,,,,,,,,,
CC,4,-1,168,December,small,8,0,6764,3.29,175258.5608,175267.657,177178.9736,5711,8736,5040,41492,,,,,,,,,
CC,4,-1,168,December,small,6,0,8049,4.02,174528.973,174538.9487,176112.5054,5711,8736,5040,41492,,,,,,,,,
CC,4,-1,168,December,small,2,0,10628,7.21,175642.3402,175656.1508,176608.7651,5711,8736,5040,41492,,,,,,,,,
CC,4,-1,168,December,small,1,7,18319,10.11,173009.7102,173022.4692,176317.1619,5711,8736,5040,41492,,,,,,,,,
CC,4,-1,168,December,small,5,1206,44780,16.3,165538.8658,165552.1599,172472.1034,5711,8736,5040,41492,,,,,,,,,
CC,4,-1,168,December,small,4,673,79384,17.19,174249.9971,174263.6355,176769.2618,5711,8736,5040,41492,,,,,,,,,
CC,4,-1,168,December,small,9,5877,89866,30.14,165579.568,165596.1209,166813.0915,5711,8736,5040,41492,,,,,,,,,
CC,4,-1,168,December,small,3,43746,603928,197.14,168487.1049,168503.8046,171957.599,5711,8736,5040,41492,,,,,,,,,
CC,4,-1,168,December,small,0,1723198,9753104,3328.68,168262.8708,168279.6757,173780.5625,5711,8736,5040,41492,,,,,,,,,
CC,4,-1,168,December,small,7,311978,24429674,3600.09,161543.4096,163752.2721,165472.3074,5607,8225,4869,101890,,,,,,,,,
CC,4,-1,168,December,medium,2,661,71078,34.83,176403.2667,176417.7731,177023.5219,9575,18984,11424,90212,,,,,,,,,
CC,4,-1,168,December,medium,0,42763,357506,567.37,174721.9525,174739.4045,176424.388,9575,18984,11424,90212,,,,,,,,,
CC,4,-1,168,December,medium,4,159300,756783,1677.64,173865.0901,173882.478,175884.2675,9575,18984,11424,90212,,,,,,,,,
CC,4,-1,168,December,medium,7,204631,6950733,3600.06,175351.6974,175545.6874,176631.4697,9154,18471,11254,236775,,,,,,,,,
CC,4,-1,168,December,medium,6,217935,5121191,3600.07,172273.0035,172712.1559,173148.6969,9390,18472,11252,339934,,,,,,,,,
CC,4,-1,168,December,medium,8,232311,8429784,3600.14,176441.6301,176469.8198,177524.9295,5989,12321,7311,137249,,,,,,,,,
CC,4,-1,168,December,medium,3,65499,9496328,3600.16,151270.6655,174991.1354,153355.2959,9125,18477,11254,235223,,,,,,,,,
CC,4,-1,168,December,medium,5,276624,7713553,3600.15,174560.2631,174990.7859,175059.1049,9058,18474,11254,192751,,,,,,,,,
CC,4,-1,168,December,medium,1,155067,9664999,3600.19,173113.781,175637.3778,174382.6621,9251,18476,11253,169127,,,,,,,,,
CC,4,-1,168,December,medium,9,105238,5949286,3600.37,173556.2521,175326.5425,175264.1911,10167,18477,11254,306295,,,,,,,,,
CC,4,-1,168,December,large,4,49901,286196,846.17,176788.8456,176806.5193,177167.7285,15791,35616,21840,169172,,,,,,,,,
CC,4,-1,168,December,large,1,25357,930329,895.79,175533.9734,175545.4884,175935.117,15791,35616,21840,169172,,,,,,,,,
CC,4,-1,168,December,large,0,101772,1726479,2478.48,175753.9947,175771.5609,176646.0672,15791,35616,21840,169172,,,,,,,,,
CC,4,-1,168,December,large,9,117423,2898284,3370.2,175875.186,175892.7638,176398.5383,15791,35616,21840,169172,,,,,,,,,
CC,4,-1,168,December,large,8,262645,1567004,3600.16,176966.2904,177020.7862,177635.389,15294,35084,21664,298728,,,,,,,,,
CC,4,-1,168,December,large,6,266352,1655451,3600.15,177312.3738,177332.8467,177418.5932,15445,35204,21765,267472,,,,,,,,,
CC,4,-1,168,December,large,7,40874,5616694,3600.18,114593.9755,175802.3001,114881.5018,15440,35234,21795,382951,,,,,,,,,
CC,4,-1,168,December,large,5,53697,2977053,3600.31,176528.5093,176676.422,177312.0249,16651,35235,21795,419924,,,,,,,,,
CC,4,-1,168,December,large,3,54833,4695380,3600.28,129297.8733,176916.8041,129942.5189,15513,35183,21800,400864,,,,,,,,,
CC,4,-1,168,December,large,2,54538,3792967,3600.35,167718.5302,175001.1824,168667.8331,15489,35242,21802,503963,,,,,,,,,
MC,4,-1,168,December,small,8,238,19604,13.22,175258.6973,175273.9608,177178.9597,15623,14448,5040,74420,,,,,,,,,
MC,4,-1,168,December,small,4,2477,79787,50.64,174249.9981,174259.7237,176769.2631,15623,14448,5040,74420,,,,,,,,,
MC,4,-1,168,December,small,1,2692,136620,63.27,173009.5693,173024.0807,176306.8763,15623,14448,5040,74420,,,,,,,,,
MC,4,-1,168,December,small,6,3206,97121,65.22,174529.0434,174545.8531,176208.0106,15623,14448,5040,74420,,,,,,,,,
MC,4,-1,168,December,small,2,6888,179189,110.13,175642.9251,175660.3645,176619.8942,15623,14448,5040,74420,,,,,,,,,
MC,4,-1,168,December,small,3,16778,721158,380.85,168487.0164,168502.6569,171956.1285,15623,14448,5040,74420,,,,,,,,,
MC,4,-1,168,December,small,9,87251,1017337,618.23,165579.2762,165595.8067,166903.9719,15623,14448,5040,74420,,,,,,,,,
MC,4,-1,168,December,small,5,114912,1372826,1014.86,165538.8664,165555.3979,172472.1044,15623,14448,5040,74420,,,,,,,,,
MC,4,-1,168,December,small,0,312983,12815214,3600.02,168262.842,168524.3249,173780.4975,14196,13230,4498,129168,,,,,,,,,
MC,4,-1,168,December,small,7,122252,9734589,3600.07,161448.9514,163606.485,165532.0211,14357,13240,4512,104935,,,,,,,,,
MC,4,-1,168,December,medium,2,8524,423321,338.56,176398.3672,176415.8834,177053.1242,34775,33600,11424,175220,,,,,,,,,
MC,4,-1,168,December,medium,0,26082,718691,1337.07,174721.9555,174739.4263,176424.3896,34775,33600,11424,175220,,,,,,,,,
MC,4,-1,168,December,medium,3,42206,4569176,3600.12,157639.3455,175425.2301,157576.2979,33292,32359,10843,277234,,,,,,,,,
MC,4,-1,168,December,medium,8,122935,3839704,3600.09,176436.5848,176609.9716,177528.9024,23445,24279,7326,176303,,,,,,,,,
MC,4,-1,168,December,medium,5,70134,2798485,3600.3,174374.2067,175188.9708,174911.7774,31834,31204,10388,351947,,,,,,,,,
MC,4,-1,168,December,medium,7,54293,3199642,3600.29,174902.5181,175792.163,176342.581,31877,31233,10353,197851,,,,,,,,,
MC,4,-1,168,December,medium,4,39523,1894674,3600.19,173863.6768,174035.3793,175881.2448,29502,29216,9434,310620,,,,,,,,,
MC,4,-1,168,December,medium,1,28213,1956535,3600.28,174534.9916,175609.671,175909.408,31247,30803,10109,228988,,,,,,,,,
MC,4,-1,168,December,medium,9,38227,2538907,3600.4,172189.11,175681.75,173839.3446,32572,31916,10572,209725,,,,,,,,,
MC,4,-1,168,December,medium,6,14723,1301243,3600.91,171055.7065,173204.0354,172009.9279,31917,31203,10371,359374,,,,,,,,,
MC,4,-1,168,December,large,3,6358,1348826,3600.35,160454.8693,176975.4857,160827.6631,61438,61025,20213,392725,,,,,,,,,
MC,4,-1,168,December,large,7,2044,46170,3600.22,71739.98764,175826.6107,72074.01541,61652,61181,20183,400809,,,,,,,,,
MC,4,-1,168,December,large,8,57118,1353557,3600.25,176967.9148,176989.4785,177635.243,61070,60941,20087,350829,,,,,,,,,
MC,4,-1,168,December,large,6,38061,930797,3600.37,177313.0441,177339.5605,177418.5359,60073,60029,19521,382150,,,,,,,,,
MC,4,-1,168,December,large,4,32857,1040726,3600.23,176789.6214,176824.9434,177170.5973,60755,60754,19826,361446,,,,,,,,,
MC,4,-1,168,December,large,5,19613,1498390,3600.26,176208.2889,176707.8901,176828.854,61466,61150,20126,358175,,,,,,,,,
MC,4,-1,168,December,large,2,13909,1471417,3600.34,172866.7088,175275.5828,172276.7744,60746,60652,20034,400075,,,,,,,,,
MC,4,-1,168,December,large,1,19536,1727226,3600.35,175515.0655,175646.0554,175953.2387,60633,60405,19815,344751,,,,,,,,,
MC,4,-1,168,December,large,0,9063,950423,3600.51,175677.849,176180.2219,176543.1405,60767,60388,19954,436419,,,,,,,,,
MC,4,-1,168,December,large,9,3234,212093,3600.75,95820.08097,176182.0434,96565.30948,62029,61514,20332,583113,,,,,,,,,
DLog,4,-1,168,December,small,6,0,6101,6.42,174524.9254,174540.7623,176194.5404,4199,15288,1512,138596,,,,,,,,,
DLog,4,-1,168,December,small,8,0,14020,15.14,175258.5607,175274.7478,177178.9736,4199,15288,1512,138596,,,,,,,,,
DLog,4,-1,168,December,small,2,2489,52121,38.13,175642.9232,175659.2243,176619.8927,4199,15288,1512,138596,,,,,,,,,
DLog,4,-1,168,December,small,1,15502,324527,232.92,173009.6977,173026.7195,176315.7947,4199,15288,1512,138596,,,,,,,,,
DLog,4,-1,168,December,small,4,31291,463182,277.74,174249.9205,174267.3307,176769.1277,4199,15288,1512,138596,,,,,,,,,
DLog,4,-1,168,December,small,9,449800,7942873,3600.07,165579.5151,165620.1972,166812.4297,2415,11402,756,251280,,,,,,,,,
DLog,4,-1,168,December,small,0,301254,11045542,3600.17,166206.6216,171308.9455,171403.4635,3548,14781,1342,292687,,,,,,,,,
DLog,4,-1,168,December,small,7,171023,8762031,3600.05,161277.9211,163539.8514,165230.552,3730,14726,1287,386508,,,,,,,,,
DLog,4,-1,168,December,small,5,614550,6200571,3600.06,165527.4503,165597.3171,172331.7287,3036,14412,1052,233561,,,,,,,,,
DLog,4,-1,168,December,small,3,240550,7885178,3600.1,168422.3381,169942.4735,172078.9206,3510,14721,1282,312893,,,,,,,,,
DLog,4,-1,168,December,medium,2,83896,2972900,3600.04,175800.5356,176472.3358,176541.6973,3906,34101,1510,839432,,,,,,,,,
DLog,4,-1,168,December,medium,5,88573,4973223,3600.13,158711.8331,175156.1722,159314.3545,3947,34101,1510,820574,,,,,,,,,
DLog,4,-1,168,December,medium,8,140957,2802285,3600.21,175278.899,176660.2705,176446.6395,3864,34101,1510,652840,,,,,,,,,
DLog,4,-1,168,December,medium,4,119751,5630551,3600.2,86245.44314,174435.0337,87289.65856,3862,34101,1510,591731,,,,,,,,,
DLog,4,-1,168,December,medium,1,88080,5053361,3600.24,165633.989,175747.4598,166759.2097,3970,34101,1510,571209,,,,,,,,,
DLog,4,-1,168,December,medium,6,62580,3106407,3600.38,158867.7542,173178.5947,160290.226,3955,34101,1510,770261,,,,,,,,,
DLog,4,-1,168,December,medium,9,80780,3760344,3600.34,114520.1023,175607.9152,115028.7152,3846,34101,1510,964927,,,,,,,,,
DLog,4,-1,168,December,medium,3,97000,4404277,3600.38,115129.3228,175583.3778,116663.195,3766,34101,1510,1519529,,,,,,,,,
DLog,4,-1,168,December,medium,7,80111,4138204,3600.38,163333.3047,175785.7068,164698.0942,3868,34101,1510,836919,,,,,,,,,
DLog,4,-1,168,December,medium,0,82448,1321129,3600.43,174712.6116,174829.3554,176444.8373,3917,34101,1510,840085,,,,,,,,,
DLog,4,-1,168,December,large,5,43995,2232504,3600.16,155216.5377,176877.2218,155917.8203,4236,65517,1678,1577232,,,,,,,,,
DLog,4,-1,168,December,large,8,39898,926750,3600.16,176776.9626,177063.873,177464.8126,3800,64879,1419,1321981,,,,,,,,,
DLog,4,-1,168,December,large,3,34058,1717922,3600.26,159128.8427,177045.1654,159593.6443,4151,65517,1678,2666068,,,,,,,,,
DLog,4,-1,168,December,large,1,53217,1838005,3600.39,166610.143,175718.3595,168385.7995,4136,65517,1678,1387971,,,,,,,,,
DLog,4,-1,168,December,large,0,47208,2572465,3600.31,108149.0744,176363.2505,108592.472,4225,65517,1678,1348715,,,,,,,,,
DLog,4,-1,168,December,large,9,29682,1505663,3600.42,173429.9856,176247.0876,173940.2966,4227,65517,1678,1408271,,,,,,,,,
DLog,4,-1,168,December,large,4,40282,936177,3600.42,176305.9654,176838.5211,176717.524,4064,65462,1623,1395044,,,,,,,,,
DLog,4,-1,168,December,large,2,41557,2271272,3600.45,121347.767,175347.8586,122594.6106,4232,65517,1678,1519994,,,,,,,,,
DLog,4,-1,168,December,large,6,31116,728271,3600.47,177311.0857,177337.2964,177445.1223,4166,65501,1662,1426997,,,,,,,,,
DLog,4,-1,168,December,large,7,34478,2829069,3600.51,95003.31846,176040.8656,95295.26202,4336,65517,1678,1209982,,,,,,,,,
GIB+Cuts,4,-1,168,April,small,2,10,16184,5.23,38353.2,38356.3,39472.6,5207,5712,2016,36284,TRUE,100,5,50,1,0,0,0,0
GIB+Cuts,4,-1,168,April,small,1,93,24885,6.8,38756.2,38756.8,39684,5207,5712,2016,35948,TRUE,100,5,50,1,0,0,0,0
GIB+Cuts,4,-1,168,April,small,3,9,22358,9.31,37332.8,37335,39272.3,5207,5712,2016,34772,TRUE,100,5,50,1,0,0,0,0
GIB+Cuts,4,-1,168,April,small,4,3631,135112,20.02,35878.8,35878.9,39305.8,5879,6048,2352,39644,TRUE,100,5,50,1,34,2.13499,35845.8,36201.1
GIB+Cuts,4,-1,168,April,small,0,4920,207131,37,36972.4,36974.9,39294.8,5207,5712,2016,36788,TRUE,100,5,50,1,0,0,0,0
GIB+Cuts,4,-1,168,April,small,5,4,12334,5.45,35204.1,35207.4,37105.6,4871,5544,1848,35948,TRUE,100,5,50,1,0,0,0,0
GIB+Cuts,4,-1,168,April,small,8,16,18302,5.55,37513,37516.7,39598.8,4871,5544,1848,34436,TRUE,100,5,50,1,0,0,0,0
GIB+Cuts,4,-1,168,April,small,6,60,16450,5.82,37232,37232.6,38906.8,5207,5712,2016,34268,TRUE,100,5,50,1,0,0,0,0
GIB+Cuts,4,-1,168,April,small,9,1612,62038,12.23,34032.3,34035.4,33796.6,5207,5712,2016,36284,TRUE,100,5,50,1,0,0,0,0
GIB+Cuts,4,-1,168,April,small,7,52841,2867314,324.16,31377.6,31380.7,32270.7,5879,6048,2352,38636,TRUE,100,5,50,1,2503,30.512,31303.1,32844.8
GIB+Cuts,4,-1,168,April,medium,4,1345,53894,12.45,38598.9,38602.1,39463.9,5879,9912,2352,83828,TRUE,100,5,50,1,0,0,0,0
GIB+Cuts,4,-1,168,April,medium,3,4061,106285,32.73,38187.4,38191.2,39347.1,5543,9744,2184,76940,TRUE,100,5,50,1,0,0,0,0
GIB+Cuts,4,-1,168,April,medium,2,46695,910381,123.35,38431.9,38435.7,39548.2,5879,9912,2352,78284,TRUE,100,5,50,1,0,0,0,0
GIB+Cuts,4,-1,168,April,medium,1,443931,14832103,3600.05,37543.8,37860.3,38981.7,6203,9891,2668,206894,TRUE,100,5,50,1,14232,623.215,16431.5,38184.5
GIB+Cuts,4,-1,168,April,medium,0,524371,9982699,3600.06,36364.5,36566.3,38089.6,5198,9405,2182,241662,TRUE,100,5,50,1,0,0,0,0
GIB+Cuts,4,-1,168,April,medium,6,1467,63629,22.45,38352.2,38355.2,39248.8,5543,9744,2184,77108,TRUE,100,5,50,1,0,0,0,0
GIB+Cuts,4,-1,168,April,medium,7,2021,59273,26.33,38731.1,38734.2,39692.2,5879,9912,2352,82148,TRUE,100,5,50,1,0,0,0,0
GIB+Cuts,4,-1,168,April,medium,9,5166,183081,44.32,38516.7,38520.5,39736.9,5879,9912,2352,78116,TRUE,100,5,50,1,0,0,0,0
GIB+Cuts,4,-1,168,April,medium,8,57339,919055,157.99,39123.1,39127,40034.8,5879,9912,2352,83324,TRUE,100,5,50,1,0,0,0,0
GIB+Cuts,4,-1,168,April,medium,5,306793,7084439,1556.05,38366.4,38370.2,39339.4,5879,9912,2352,82148,TRUE,100,5,50,1,0,0,0,0
GIB+Cuts,4,-1,168,April,large,4,7184,110825,76.55,38565.9,38567.9,39878.5,6551,16464,2688,166316,TRUE,100,5,50,1,0,0,0,0
GIB+Cuts,4,-1,168,April,large,2,11417,401291,135.85,38943,38946.1,39793.4,13775,17304,3528,188156,TRUE,100,5,50,1,351,18.673,-32215.5,39090.1
GIB+Cuts,4,-1,168,April,large,1,24497,548270,177.22,38916,38919.8,39627.4,6215,16296,2520,151700,TRUE,100,5,50,1,0,0,0,0
GIB+Cuts,4,-1,168,April,large,0,47730,1223135,441.24,38538.6,38542.3,39715,6215,16296,2520,151868,TRUE,100,5,50,1,0,0,0,0
GIB+Cuts,4,-1,168,April,large,3,319258,13789009,3600.02,38397,38522,39604.6,5427,15447,2169,345685,TRUE,100,5,50,1,0,0,0,0
GIB+Cuts,4,-1,168,April,large,9,28818,442157,181.07,38886.8,38890.6,39974.9,7223,16800,3024,167660,TRUE,100,5,50,1,10,58.8223,31294.2,39005.1
GIB+Cuts,4,-1,168,April,large,5,26439,710915,227.71,39101.6,39105.1,40128.2,7223,16800,3024,169004,TRUE,100,5,50,1,665,49.7248,38411.1,39241.6
GIB+Cuts,4,-1,168,April,large,8,296744,8783073,1615.47,39159.8,39163.6,40057.3,7223,16800,3024,168164,TRUE,100,5,50,1,1673,455.922,34601.4,39345.9
GIB+Cuts,4,-1,168,April,large,7,461712,10184336,3266.84,37914.9,37918.7,39113.7,7223,16800,3024,168668,TRUE,100,5,50,1,1266,726.938,37043.7,38627.5
GIB+Cuts,4,-1,168,April,large,6,579806,17360059,3600.03,39261,39274.1,40042.2,4362,11803,2387,223501,TRUE,100,5,50,1,7207,1055.09,23087.4,39404.2
GIB,4,-1,168,April,small,5,7,11407,4.93,35204.04665,35207.41274,36500.24978,4871,5544,1848,35948,,,,,,,,,
GIB,4,-1,168,April,small,6,157,20875,4.91,37231.97276,37232.01015,38215.87406,5207,5712,2016,34268,,,,,,,,,
GIB,4,-1,168,April,small,8,56,19180,5.95,37513.00389,37516.02124,38904.11257,4871,5544,1848,34436,,,,,,,,,
GIB,4,-1,168,April,small,2,35,24098,6.27,38355.6898,38358.34612,38780.39566,5207,5712,2016,36284,,,,,,,,,
GIB,4,-1,168,April,small,1,464,37135,10.46,38756.24776,38758.94975,38992.12538,5207,5712,2016,35948,,,,,,,,,
GIB,4,-1,168,April,small,3,10,19522,10.8,37332.98843,37335.07032,38651.26933,5207,5712,2016,34772,,,,,,,,,
GIB,4,-1,168,April,small,9,865,44815,12.09,34032.34762,34032.38194,33183.07323,5207,5712,2016,36284,,,,,,,,,
GIB,4,-1,168,April,small,4,5199,187723,27.43,35878.8429,35878.88154,38611.12386,5879,6048,2352,39644,,,,,,,,,
GIB,4,-1,168,April,small,0,2759,107963,27.86,36972.41194,36972.44965,38678.69019,5207,5712,2016,36788,,,,,,,,,
GIB,4,-1,168,April,small,7,3977,236152,32.95,31377.61599,31380.5861,31659.23004,5879,6048,2352,38636,,,,,,,,,
GIB,4,-1,168,April,medium,4,689,45785,12.53,38598.89359,38602.60137,38850.33701,5879,9912,2352,83828,,,,,,,,,
GIB,4,-1,168,April,medium,6,325,37728,17.6,38352.17304,38352.21177,38632.67792,5543,9744,2184,77108,,,,,,,,,
GIB,4,-1,168,April,medium,7,1295,49561,24.12,38731.1342,38731.17329,39074.61279,5879,9912,2352,82148,,,,,,,,,
GIB,4,-1,168,April,medium,3,6138,144777,62.48,38187.37441,38190.75004,38731.02263,5543,9744,2184,76940,,,,,,,,,
GIB,4,-1,168,April,medium,8,18847,437783,103.04,39123.0768,39126.95472,39342.72051,5879,9912,2352,83324,,,,,,,,,
GIB,4,-1,168,April,medium,9,30000,1213395,240.59,38516.69416,38520.51701,39043.9657,5879,9912,2352,78116,,,,,,,,,
GIB,4,-1,168,April,medium,2,74356,1324965,337.19,38431.91628,38435.7141,38933.19272,5879,9912,2352,78284,,,,,,,,,
GIB,4,-1,168,April,medium,5,80944,2066199,487.85,38366.36774,38370.1816,38643.554,5879,9912,2352,82148,,,,,,,,,
GIB,4,-1,168,April,medium,0,393239,10550657,3600.09,36366.24997,36560.89186,37423.90694,5105,9225,2045,240299,,,,,,,,,
GIB,4,-1,168,April,medium,1,405499,11658200,3600.08,37503.96478,37812.46971,38390.4421,6246,9909,2686,332566,,,,,,,,,
GIB,4,-1,168,April,large,4,4686,80640,98.43,38565.93985,38569.78875,39185.48023,6551,16464,2688,166316,,,,,,,,,
GIB,4,-1,168,April,large,1,10723,304074,155.25,38916.00614,38919.87069,39009.84723,6215,16296,2520,151700,,,,,,,,,
GIB,4,-1,168,April,large,2,7285,260671,166.87,38942.02758,38945.80329,39182.73721,13775,17304,3528,188156,,,,,,,,,
GIB,4,-1,168,April,large,5,18562,544901,220.12,39102.05811,39105.96289,39434.82707,7223,16800,3024,169004,,,,,,,,,
GIB,4,-1,168,April,large,9,32882,486402,228.68,38886.76159,38890.64151,39358.82207,7223,16800,3024,167660,,,,,,,,,
GIB,4,-1,168,April,large,0,49081,1401076,754.27,38538.59189,38542.43615,39022.02616,6215,16296,2520,151868,,,,,,,,,
GIB,4,-1,168,April,large,8,125688,3724778,1250.42,39160.00049,39163.90408,39438.53873,7223,16800,3024,168164,,,,,,,,,
GIB,4,-1,168,April,large,7,311077,10313054,3600.03,37908.3597,38057.26825,38508.17057,6535,16034,2785,443935,,,,,,,,,
GIB,4,-1,168,April,large,6,715019,14045617,3600.07,39256.24629,39278.79694,39367.01207,6469,16293,2854,241046,,,,,,,,,
GIB,4,-1,168,April,large,3,230775,12278547,3600.14,38396.31481,38526.56343,38987.6781,4946,13921,1922,326796,,,,,,,,,
DCC,4,-1,168,April,small,2,49,17423,9.63,38355.12058,38356.50393,38777.02943,6887,18816,5040,80132,,,,,,,,,
DCC,4,-1,168,April,small,8,27,15846,11.98,37510.17563,37513.00389,38951.84014,6887,18816,5040,80132,,,,,,,,,
DCC,4,-1,168,April,small,6,263,21902,12.17,37231.97276,37235.39603,38215.87406,6887,18816,5040,80132,,,,,,,,,
DCC,4,-1,168,April,small,4,1382,38128,19.01,35878.8429,35881.36582,38611.12386,6887,18816,5040,80132,,,,,,,,,
DCC,4,-1,168,April,small,3,1842,42689,22,37334.31416,37335.00295,38652.39771,6887,18816,5040,80132,,,,,,,,,
DCC,4,-1,168,April,small,0,0,5383,22.28,36972.41186,36975.63177,38678.69012,6887,18816,5040,80132,,,,,,,,,
DCC,4,-1,168,April,small,5,500,18542,22.96,35204.38348,35204.57681,36498.65344,6887,18816,5040,80132,,,,,,,,,
DCC,4,-1,168,April,small,1,19225,192330,72.19,38756.24776,38760.09344,38992.12536,6887,18816,5040,80132,,,,,,,,,
DCC,4,-1,168,April,small,9,134785,1424114,331.27,34032.34764,34035.75111,33183.07318,6887,18816,5040,80132,,,,,,,,,
DCC,4,-1,168,April,small,7,493800,17396759,3600.08,31350.94488,31963.03711,31663.34401,5814,16795,4338,137248,,,,,,,,,
DCC,4,-1,168,April,medium,6,13449,314276,377.47,38352.17298,38355.82706,38632.67714,13271,44352,11424,188660,,,,,,,,,
DCC,4,-1,168,April,medium,8,14678,409344,415.07,39123.2166,39127.03304,39342.65822,13271,44352,11424,188660,,,,,,,,,
DCC,4,-1,168,April,medium,9,10758,251116,448.3,38516.69416,38517.7179,39043.9657,13271,44352,11424,188660,,,,,,,,,
DCC,4,-1,168,April,medium,7,13626,208265,482.42,38731.1342,38731.17544,39074.61279,13271,44352,11424,188660,,,,,,,,,
DCC,4,-1,168,April,medium,4,53091,612560,789.43,38598.89359,38602.64413,38850.33701,13271,44352,11424,188660,,,,,,,,,
DCC,4,-1,168,April,medium,0,152923,3198294,3600.06,36301.3282,37084.06895,37048.30566,12505,42949,10990,411556,,,,,,,,,
DCC,4,-1,168,April,medium,3,193992,5349164,3600.11,38187.37441,38197.46251,38731.02263,12465,42674,10882,301876,,,,,,,,,
DCC,4,-1,168,April,medium,1,119804,5000295,3600.11,37544.68841,37989.57437,38204.16109,12348,42263,10770,421292,,,,,,,,,
DCC,4,-1,168,April,medium,2,257291,4270841,3600.17,38422.85108,38618.21172,38896.1563,12310,42548,10864,268643,,,,,,,,,
DCC,4,-1,168,April,medium,5,165718,6468805,3600.08,38366.35207,38431.08972,38647.6044,10378,36109,9114,209511,,,,,,,,,
DCC,4,-1,168,April,large,5,30933,879324,2130.71,39102.0762,39105.97432,39435.48694,23687,86016,21840,365732,,,,,,,,,
DCC,4,-1,168,April,large,1,52175,1688992,3371.7,38916.00866,38919.88872,39009.84722,23687,86016,21840,365732,,,,,,,,,
DCC,4,-1,168,April,large,0,30441,1382318,3600.18,38528.50156,39089.53401,38982.69554,22997,84734,21535,482914,,,,,,,,,
DCC,4,-1,168,April,large,7,46977,2425763,3600.14,36124.48901,38672.20523,35714.3615,23066,84812,21516,432865,,,,,,,,,
DCC,4,-1,168,April,large,3,41378,1792367,3600.15,37058.18065,38857.14356,37976.99089,23036,84725,21474,491683,,,,,,,,,
DCC,4,-1,168,April,large,6,33238,1258059,3600.18,39259.61301,39295.60177,39343.28505,22642,83793,21249,382756,,,,,,,,,
DCC,4,-1,168,April,large,4,12449,1678025,3600.18,38543.96522,38725.07727,39179.56507,16554,61517,15476,347570,,,,,,,,,
DCC,4,-1,168,April,large,2,19661,1272684,3600.09,38942.4816,39005.50212,39177.81263,22938,84981,21569,577838,,,,,,,,,
DCC,4,-1,168,April,large,8,37826,1565809,3600.12,39153.95147,39218.26012,39447.32855,21665,80468,20294,360836,,,,,,,,,
DCC,4,-1,168,April,large,9,35411,1061083,3600.31,38883.93231,38993.60772,39367.01851,22918,84723,21493,744015,,,,,,,,,
CC,4,-1,168,April,small,5,11,15027,6.24,35204.04665,35207.36608,36500.24978,5711,8736,5040,41492,,,,,,,,,
CC,4,-1,168,April,small,2,51,23519,7.8,38355.6898,38358.52678,38780.39566,5711,8736,5040,41492,,,,,,,,,
CC,4,-1,168,April,small,8,183,26660,9.51,37513.00395,37513.04168,38904.11272,5711,8736,5040,41492,,,,,,,,,
CC,4,-1,168,April,small,3,3,18674,9.66,37334.96274,37335.00042,38645.36869,5711,8736,5040,41492,,,,,,,,,
CC,4,-1,168,April,small,6,446,29535,10.3,37231.97276,37234.33303,38215.87406,5711,8736,5040,41492,,,,,,,,,
CC,4,-1,168,April,small,0,3003,77890,19.96,36972.41186,36973.96922,38678.69012,5711,8736,5040,41492,,,,,,,,,
CC,4,-1,168,April,small,4,3720,68651,24.06,35878.8429,35880.98379,38611.12386,5711,8736,5040,41492,,,,,,,,,
CC,4,-1,168,April,small,1,13710,197196,47.13,38756.24776,38759.29744,38992.12553,5711,8736,5040,41492,,,,,,,,,
CC,4,-1,168,April,small,9,35518,675179,134.82,34032.34762,34035.65679,33183.07323,5711,8736,5040,41492,,,,,,,,,
CC,4,-1,168,April,small,7,554614,25039090,3600.04,31371.87909,31687.36869,31705.57781,5261,8124,4785,94314,,,,,,,,,
CC,4,-1,168,April,medium,7,8848,525458,165.24,38731.1343,38734.95453,39074.61304,9575,18984,11424,90212,,,,,,,,,
CC,4,-1,168,April,medium,6,26042,511001,395.05,38352.18522,38355.95478,38632.74249,9575,18984,11424,90212,,,,,,,,,
CC,4,-1,168,April,medium,4,30041,411953,445.87,38598.89359,38602.75259,38850.33701,9575,18984,11424,90212,,,,,,,,,
CC,4,-1,168,April,medium,8,64722,641406,549.05,39123.07669,39126.96146,39342.72175,9575,18984,11424,90212,,,,,,,,,
CC,4,-1,168,April,medium,9,29333,2462571,873.46,38516.67943,38520.4974,39043.75499,9575,18984,11424,90212,,,,,,,,,
CC,4,-1,168,April,medium,3,188637,6889150,2332.01,38187.37441,38191.17693,38731.02263,9575,18984,11424,90212,,,,,,,,,
CC,4,-1,168,April,medium,1,208088,9265254,3600.07,37555.00265,37951.78646,38316.61836,9300,18427,11224,243378,,,,,,,,,
CC,4,-1,168,April,medium,5,267270,9483171,3600.05,38366.31047,38418.53176,38647.57412,10039,18477,11254,260785,,,,,,,,,
CC,4,-1,168,April,medium,0,174622,10238067,3600.12,35942.45088,37085.42082,36762.80242,9699,18467,11254,183640,,,,,,,,,
CC,4,-1,168,April,medium,2,259028,7965383,3600.14,38431.16855,38564.78562,38929.02363,9084,18456,11249,206066,,,,,,,,,
CC,4,-1,168,April,large,6,57807,4615523,3600.15,39249.37126,39302.39824,39375.50543,15503,35195,21758,313776,,,,,,,,,
CC,4,-1,168,April,large,0,58873,3192925,3600.1,38535.66644,38922.36337,39027.26939,15219,34946,21586,335282,,,,,,,,,
CC,4,-1,168,April,large,8,94328,3853471,3600.16,39155.16937,39217.56382,39441.95253,11148,25389,15556,203407,,,,,,,,,
CC,4,-1,168,April,large,9,61337,5778155,3600.13,38886.67556,38937.6327,39357.66623,12186,27318,16768,233968,,,,,,,,,
CC,4,-1,168,April,large,1,92439,4020203,3600.1,38905.05982,38966.38296,39010.02314,15435,35204,21765,311012,,,,,,,,,
CC,4,-1,168,April,large,4,67045,3184672,3600.18,38536.13846,38701.67399,39151.74778,15359,34417,21231,360200,,,,,,,,,
CC,4,-1,168,April,large,2,49904,4143948,3600.12,38943.20599,38964.28639,39176.83472,11139,25309,15539,241548,,,,,,,,,
CC,4,-1,168,April,large,3,36042,3226117,3600.23,36558.80898,38770.75176,36968.68368,15567,35195,21756,305084,,,,,,,,,
CC,4,-1,168,April,large,7,63214,3631857,3600.14,37755.83206,38429.31827,38451.80054,16837,35203,21765,423099,,,,,,,,,
CC,4,-1,168,April,large,5,32469,3117196,3601.96,39100.12691,39140.79906,39430.52336,19020,35204,21765,521993,,,,,,,,,
MC,4,-1,168,April,small,3,237,21480,17.34,37334.96605,37337.33398,38645.36787,15623,14448,5040,74420,,,,,,,,,
MC,4,-1,168,April,small,8,1409,83730,43.32,37513.06663,37513.11029,38904.10648,15623,14448,5040,74420,,,,,,,,,
MC,4,-1,168,April,small,2,5148,76913,54.48,38355.69385,38358.48629,38780.39608,15623,14448,5040,74420,,,,,,,,,
MC,4,-1,168,April,small,0,3800,125408,84.82,36972.43171,36973.49706,38678.78065,15623,14448,5040,74420,,,,,,,,,
MC,4,-1,168,April,small,1,17783,367032,151.15,38756.24846,38759.53728,38992.12618,15623,14448,5040,74420,,,,,,,,,
MC,4,-1,168,April,small,5,13977,203204,193.67,35204.3875,35207.70322,36498.65858,15623,14448,5040,74420,,,,,,,,,
MC,4,-1,168,April,small,6,32405,367178,219.21,37231.97395,37235.35638,38215.87424,15623,14448,5040,74420,,,,,,,,,
MC,4,-1,168,April,small,7,53697,2101315,597.19,31377.67333,31380.77408,31659.24799,15623,14448,5040,74420,,,,,,,,,
MC,4,-1,168,April,small,9,121784,1849743,722.3,34032.34833,34035.69124,33183.07351,15623,14448,5040,74420,,,,,,,,,
MC,4,-1,168,April,small,4,407809,13584068,3600.03,35868.22369,36022.41728,38608.17279,12559,12002,3909,89082,,,,,,,,,
MC,4,-1,168,April,medium,8,61949,1873091,1526.99,39123.08508,39126.97206,39342.72221,34775,33600,11424,175220,,,,,,,,,
MC,4,-1,168,April,medium,7,105671,2284307,2682.7,38731.13708,38734.94108,39074.61348,34775,33600,11424,175220,,,,,,,,,
MC,4,-1,168,April,medium,4,101427,2218742,3600.13,38598.89867,38616.29329,38850.33841,26725,26966,8428,167613,,,,,,,,,
MC,4,-1,168,April,medium,9,70516,2119580,3600.13,38516.76762,38532.42645,39042.77201,28319,28810,8884,160896,,,,,,,,,
MC,4,-1,168,April,medium,2,74441,2649007,3600.11,38415.62861,38639.01032,38860.38726,20746,22008,6360,114367,,,,,,,,,
MC,4,-1,168,April,medium,6,106440,4153964,3600.15,38352.17796,38368.64259,38635.28055,28296,28309,9057,182335,,,,,,,,,
MC,4,-1,168,April,medium,3,44482,3084663,3600.29,38116.94293,38360.83539,38487.93487,28377,28323,8927,190972,,,,,,,,,
MC,4,-1,168,April,medium,5,50092,2183621,3600.36,38365.78565,38519.84059,38655.70797,23573,24516,7174,144106,,,,,,,,,
MC,4,-1,168,April,medium,1,37612,1821563,3600.17,37504.64329,38089.04745,38219.44853,24602,25785,7679,143167,,,,,,,,,
MC,4,-1,168,April,medium,0,35235,2412753,3600.44,36310.20936,37133.00869,37366.92854,27109,27325,8497,190890,,,,,,,,,
MC,4,-1,168,April,large,6,10525,644543,1067.98,39213.37907,39213.42437,39330.03427,66023,64848,21840,339860,,,,,,,,,
MC,4,-1,168,April,large,2,44555,1962229,3600.18,38920.65392,39036.89447,39170.09819,49887,52206,16148,305791,,,,,,,,,
MC,4,-1,168,April,large,8,58574,1673431,3600.11,39159.08105,39232.24048,39445.56,51401,53077,16373,300769,,,,,,,,,
MC,4,-1,168,April,large,3,12531,1129281,3600.42,38300.59742,38725.37717,38950.95102,51665,53140,16612,339375,,,,,,,,,
MC,4,-1,168,April,large,9,29686,1550089,3600.3,38885.51408,38948.64561,39347.63796,35213,39474,10173,204288,,,,,,,,,
MC,4,-1,168,April,large,5,43595,1959458,3600.37,39097.92864,39143.63778,39433.285,52325,53684,16578,338200,,,,,,,,,
MC,4,-1,168,April,large,7,12401,1226910,3600.42,37682.10365,38429.19207,38374.62839,51030,52570,15994,307326,,,,,,,,,
MC,4,-1,168,April,large,1,18270,1367752,3600.59,38842.49429,39082.62929,38981.56547,50872,52520,16020,312899,,,,,,,,,
MC,4,-1,168,April,large,0,14859,1005080,3600.6,38353.73112,39058.66708,38822.17435,49751,51146,15865,321519,,,,,,,,,
MC,4,-1,168,April,large,4,6406,634636,3600.82,21821.24639,38827.69364,22167.25895,52465,53973,16507,341709,,,,,,,,,
DLog,4,-1,168,April,small,6,90,17856,16.91,37230.00012,37232.96902,38196.8498,4199,15288,1512,138596,,,,,,,,,
DLog,4,-1,168,April,small,8,112,21560,37.4,37513.00389,37515.60259,38904.11257,4199,15288,1512,138596,,,,,,,,,
DLog,4,-1,168,April,small,2,2590,48298,40.76,38355.6898,38359.37495,38780.39566,4199,15288,1512,138596,,,,,,,,,
DLog,4,-1,168,April,small,4,22503,266664,163.84,35878.8429,35882.40498,38611.12386,4199,15288,1512,138596,,,,,,,,,
DLog,4,-1,168,April,small,5,98148,1082525,618.22,35204.38348,35207.89322,36498.65344,4199,15288,1512,138596,,,,,,,,,
DLog,4,-1,168,April,small,1,824303,13489499,3600.03,38755.46447,38795.13532,39005.68769,2439,11268,850,190081,,,,,,,,,
DLog,4,-1,168,April,small,9,328789,11315882,3600.08,33970.05525,34213.58143,33572.34886,3113,13825,1100,284811,,,,,,,,,
DLog,4,-1,168,April,small,7,185976,10618596,3600.12,31322.45986,31880.28932,31705.64384,3599,14737,1298,329709,,,,,,,,,
DLog,4,-1,168,April,small,3,377104,11887176,3600.12,37333.92988,37432.21915,38673.72627,3417,14603,1243,250868,,,,,,,,,
DLog,4,-1,168,April,medium,9,92413,2780866,3600.15,38403.52399,38748.82968,38881.16352,3884,34101,1510,680197,,,,,,,,,
DLog,4,-1,168,April,medium,4,153128,1782969,3600.11,38573.2658,38649.14978,38811.91478,3762,34101,1510,656000,,,,,,,,,
DLog,4,-1,168,April,medium,3,102387,3992707,3600.06,31936.5034,38677.25289,32392.55259,3878,34101,1510,709679,,,,,,,,,
DLog,4,-1,168,April,medium,6,88486,2437624,3600.28,38217.25849,38404.73932,38502.04069,3580,33547,1342,653333,,,,,,,,,
DLog,4,-1,168,April,medium,8,184495,2214326,3600.15,39032.63782,39220.00683,39273.54464,3729,34101,1510,558611,,,,,,,,,
DLog,4,-1,168,April,medium,5,93276,2412674,3600.33,37913.79191,38527.93332,38367.89259,3622,33774,1376,681889,,,,,,,,,
DLog,4,-1,168,April,medium,0,67166,2807892,3600.39,34075.31527,36799.17416,34973.13561,3984,34101,1510,719697,,,,,,,,,
DLog,4,-1,168,April,medium,7,116422,3649042,3600.42,37798.04312,38913.59045,38182.50352,3885,34101,1510,560678,,,,,,,,,
DLog,4,-1,168,April,medium,2,88900,3090815,3600.31,37608.35448,38695.31148,38063.88276,3861,34101,1510,689737,,,,,,,,,
DLog,4,-1,168,April,medium,1,59118,3081125,3600.53,35907.96154,38360.90056,36796.01974,3906,34101,1510,689639,,,,,,,,,
DLog,4,-1,168,April,large,1,32153,1083468,3600.2,38317.83987,39022.11266,38412.83166,3992,65040,1580,1405791,,,,,,,,,
DLog,4,-1,168,April,large,2,66092,2277414,3600.16,21781.75492,39047.38358,22171.79499,4153,65517,1678,1416494,,,,,,,,,
DLog,4,-1,168,April,large,7,38110,2732128,3600.27,-23101.30883,38646.72196,-22790.58491,4291,65517,1678,1403200,,,,,,,,,
DLog,4,-1,168,April,large,3,64109,3054723,3600.34,11370.7784,38967.64352,11989.65052,4196,65517,1678,1450797,,,,,,,,,
DLog,4,-1,168,April,large,0,58195,2612909,3600.28,1860.43423,39090.05039,1917.085103,4172,65517,1678,1366718,,,,,,,,,
DLog,4,-1,168,April,large,8,49182,1990250,3600.36,27936.84749,39268.22998,28170.88892,4125,65517,1678,1462398,,,,,,,,,
DLog,4,-1,168,April,large,6,51910,1446017,3600.45,37912.41167,39319.47606,38072.23432,4128,65517,1678,1597132,,,,,,,,,
DLog,4,-1,168,April,large,9,33840,1078332,3600.37,38459.5211,39026.98441,38864.80058,4160,65517,1678,1491588,,,,,,,,,
DLog,4,-1,168,April,large,4,48795,2302686,3600.28,25249.88883,38734.20257,25587.59313,4193,65517,1678,1315752,,,,,,,,,
DLog,4,-1,168,April,large,5,35112,1611822,3600.38,38362.40094,39176.25579,38712.29303,4161,65509,1670,1165625,,,,,,,,,
GIB,4,-1,168,December,large,2,90717,2504692,1356.51,174178.0501,174194.998,174775.7801,13775,17304,3528,188156,,,,,,,,,
DCC,4,-1,168,December,large,6,69376,1179422,2444.15,177309.6863,177327.391,177419.6194,23687,86016,21840,365732,,,,,,,,,
DCC,4,-1,168,December,medium,3,65755,3541701,3600.17,173603.8526,174580.1206,175771.0095,12511,43376,11054,620152,,,,,,,,,
DCC,4,-1,168,December,medium,4,139620,2121284,3600.08,173865.0901,173882.7253,175884.2675,12403,43522,11050,495256,,,,,,,,,
DCC,4,-1,168,December,medium,7,113917,3978553,3600.07,175294.9783,175687.4627,176611.0953,11971,42122,10667,518422,,,,,,,,,
DCC,4,-1,168,December,large,9,52615,2077556,3600.33,175875.24,175896.2011,176400.8399,22856,85090,21504,544792,,,,,,,,,
DLog,4,-1,168,June,large,6,97018,1258163,3600.08,68244.32729,68339.21482,69880.77414,3190,54783,1191,1120795,,,,,,,,,
DLog,4,-1,168,April,small,0,208765,7264085,3600.11,36944.6202,37306.68575,38579.90103,3411,14563,1203,246574,,,,,,,,,
