model,threads,xprs_cuts,nperiod,month,size,inst,nodes,simplexiter,runtime,bestobj,bestbound,actobj,rows,cols,binaries,nonzeros
GIB,4,-1,168,June,large,8_reduced,0,10361,2.57,71552.68963,71556.75063,72458.30036,6215,16464,2520,154388
GIB,4,-1,168,June,large,5_reduced,379,29673,10.17,69612.52875,69617.06011,70047.10229,6215,16632,2520,155900
GIB,4,-1,168,June,small,4_reduced,1,16722,12.6,63763.18182,63767.23713,65366.25466,4871,5712,1848,35780
GIB,4,-1,168,June,large,2_reduced,0,17070,12.01,71719.22127,71726.09897,72250.14417,6215,16632,2520,154724
GIB,4,-1,168,June,medium,1_reduced,1904,51065,13.58,69514.10738,69520.5791,68953.53466,5879,10080,2352,79460
GIB,4,-1,168,June,large,7_reduced,433,34942,16.87,70733.74767,70738.63657,71814.80591,6215,16464,2520,154220
GIB,4,-1,168,June,large,6_reduced,518,35431,18.37,68283.66699,68290.26734,69776.8221,6551,16800,2688,159092
GIB,4,-1,168,June,small,7_reduced,1068998,42124070,3600.03,66663.1001,66759.6764,68266.85591,3894,4639,1496,70684
GIB,4,-1,168,December,small,4_reduced,0,10805,6.3,174313.4398,174328.9491,176702.8156,4871,5712,1848,35780
GIB,4,-1,168,December,large,9_reduced,11,10119,10.77,175870.4106,175884.4238,176384.9507,6551,16632,2688,167996
GIB,4,-1,168,December,medium,1_reduced,9040,157711,91.44,174758.3126,174775.4466,176191.5711,5879,10080,2352,79460
GIB,4,-1,168,December,large,6_reduced,17132,190337,107.18,177326.1191,177342.6028,177451.4918,6551,16800,2688,159092
GIB,4,-1,168,December,large,5_reduced,63486,1023551,441.13,176537.8672,176555.2492,177391.8423,6215,16632,2520,155900
GIB,4,-1,168,December,large,8_reduced,175644,4843545,1187.52,176972.7548,176990.4296,177635.2619,6215,16464,2520,154388
GIB,4,-1,168,December,small,7_reduced,743097,19522633,3163.53,161761.6428,161777.7779,165286.1732,4871,5712,1848,34772
GIB,4,-1,168,December,large,2_reduced,500899,8551013,3600.02,174177.2151,174237.3488,174782.7469,5513,16125,2350,386622
GIB,4,-1,168,December,large,7_reduced,346882,8602878,3600.06,174915.9526,175232.7231,175985.8932,5315,15462,2121,266520
GIB,4,-1,168,April,small,4_reduced,1693,69398,12.42,35878.8429,35878.87935,38611.12386,4871,5712,1848,35780
GIB,4,-1,168,April,large,5_reduced,1217,58715,33.01,39102.07665,39102.11597,39432.25506,6215,16632,2520,155900
GIB,4,-1,168,April,large,2_reduced,3141,64336,33.15,38943.29994,38943.33913,39182.88107,6215,16632,2520,154724
GIB,4,-1,168,April,large,9_reduced,4757,88705,40.65,38886.76191,38886.80108,39358.82325,6551,16632,2688,167996
GIB,4,-1,168,April,small,7_reduced,6809,330788,55.84,31401.34175,31401.37566,31718.83899,4871,5712,1848,34772
GIB,4,-1,168,April,large,6_reduced,29262,661269,162.05,39267.72238,39271.60969,39362.50959,6551,16800,2688,159092
GIB,4,-1,168,April,large,7_reduced,35726,653413,257.52,37914.93787,37918.70788,38498.48086,6215,16464,2520,154220
GIB,4,-1,168,April,large,8_reduced,81969,1584481,416.63,39160.53272,39164.4072,39446.5341,6215,16464,2520,154388
GIB,4,-1,168,April,medium,1_reduced,522788,15712381,3600.13,37555.42416,37821.45239,38217.66955,5157,9392,2044,198938
DCC,4,-1,168,June,small,4_reduced,3,16609,22.96,63763.18178,63767.02377,65366.25462,7223,20160,5376,85844
DCC,4,-1,168,June,large,2_reduced,3,6496,22.8,71719.22127,71719.29345,72250.14417,24359,88704,22512,377156
DCC,4,-1,168,June,large,8_reduced,401,47798,63.78,71553.63357,71555.04158,72478.19462,24023,87360,22176,371444
DCC,4,-1,168,June,large,8_reduced,401,47798,64.89,71553.63357,71555.04158,72478.19462,24023,87360,22176,371444
DCC,4,-1,168,June,medium,1_reduced,7488,111542,95.37,69514.3315,69519.76687,68954.35916,13607,45696,11760,194372
DCC,4,-1,168,June,large,5_reduced,6799,116940,144.99,69612.52875,69618.32093,70047.10229,24359,88704,22512,377156
DCC,4,-1,168,June,large,6_reduced,50380,805864,716.45,68283.66699,68290.49391,69776.8221,24359,88704,22512,377156
DCC,4,-1,168,June,small,7_reduced,404728,14067520,3600.09,66662.03391,66733.90817,68263.17281,5382,15335,3845,179761
DCC,4,-1,168,June,large,7_reduced,116241,5592790,3600.14,70727.4744,70913.16001,71912.2152,16991,63059,15831,691749
DCC,4,-1,168,December,small,4_reduced,0,3854,16.41,174308.6882,174325.0105,176664.5977,7223,20160,5376,85844
DCC,4,-1,168,December,small,7_reduced,104202,4931971,3600.12,161663.8174,163257.6001,165439.7435,6429,18573,4750,273817
DCC,4,-1,168,December,medium,1_reduced,41548,2144594,3600.59,174214.0129,175293.2103,175595.4901,12660,44390,11302,597044
DCC,4,-1,168,December,large,6_reduced,68259,2948392,3600.11,176265.28,177388.4805,176418.4786,23522,87613,22195,645699
DCC,4,-1,168,December,large,5_reduced,33155,1548017,3600.16,176533.7574,176685.6049,177394.3804,23569,88008,22224,728285
DCC,4,-1,168,December,large,2_reduced,61712,2060643,3600.12,173838.4535,175176.1324,174675.7327,23503,87882,22235,923994
DCC,4,-1,168,December,large,7_reduced,18530,1523613,3600.25,173118.5387,175591.6711,173895.1839,23304,86557,21902,817475
DCC,4,-1,168,December,large,8_reduced,65521,1366488,3600.21,176964.8644,177086.5215,177628.0874,23177,86508,21882,805444
DCC,4,-1,168,April,small,4_reduced,1962,63061,21.34,35878.8429,35879.8731,38611.12386,7223,20160,5376,85844
DCC,4,-1,168,April,small,7_reduced,170163,5695773,3600.12,31342.00663,32134.23886,31669.67664,6100,18131,4672,169422
DCC,4,-1,168,April,medium,1_reduced,63219,2697840,3600.3,37453.27584,38096.48241,38188.77733,12705,43657,11118,354987
DCC,4,-1,168,April,large,8_reduced,39626,1663562,3600.13,39154.80136,39211.71959,39459.3096,23270,86466,21922,744441
DCC,4,-1,168,April,large,5_reduced,91003,1154437,3600.12,39102.07662,39114.79223,39432.25989,23699,87979,22258,452376
DCC,4,-1,168,April,large,9_reduced,73522,1755028,3600.09,38875.54363,38981.77333,39356.90004,23242,86066,21831,440228
DCC,4,-1,168,April,large,7_reduced,68210,2881204,3600.25,37475.23221,38624.57108,37937.47723,23383,86120,21841,460544
DCC,4,-1,168,April,large,2_reduced,46629,1996688,3600.1,38938.30387,38981.76876,39174.17188,19156,70853,17835,417335
DCC,4,-1,168,April,large,6_reduced,69695,1767817,3600.08,39242.04634,39344.0265,39356.16228,23347,86614,21947,520418
CC,4,-1,168,June,large,8_reduced,0,13146,13.96,71552.69374,71557.02317,72458.28346,15959,36120,22176,171524
CC,4,-1,168,June,large,8_reduced,0,13146,13.89,71552.69374,71557.02317,72458.28346,15959,36120,22176,171524
CC,4,-1,168,June,large,2_reduced,822,55349,33.61,71716.40312,71722.87232,72248.02552,16127,36624,22512,173876
CC,4,-1,168,June,medium,1_reduced,7202,119266,71.65,69514.3315,69521.19685,68954.35916,9743,19488,11760,92564
CC,4,-1,168,June,large,5_reduced,8565,111026,90.53,69612.52875,69618.7628,69015.94431,16127,36624,22512,173876
CC,4,-1,168,June,large,6_reduced,30712,257794,276.69,68283.66699,68290.49116,68745.66413,16127,36624,22512,173876
CC,4,-1,168,June,small,4_reduced,80589,1484865,433.29,63763.18178,63769.28776,65366.25461,5879,9240,5376,43844
CC,4,-1,168,June,small,7_reduced,1260132,25943611,3600.03,66663.1001,66722.13167,68266.85591,4932,7964,4656,67263
CC,4,-1,168,June,large,7_reduced,102658,6956839,3600.15,70724.93884,71074.83277,70776.58273,18146,34667,21363,671577
CC,4,-1,168,December,small,4_reduced,3183,112424,33.3,174313.7601,174323.6633,176707.9439,5879,9240,5376,43844
CC,4,-1,168,December,large,9_reduced,29405,1444058,1106.61,175875.34,175892.0753,176398.5918,15959,36120,22176,171524
CC,4,-1,168,December,small,7_reduced,313401,12119161,3600.17,161596.6067,163781.6607,165351.7817,5488,8665,5147,93495
CC,4,-1,168,December,medium,1_reduced,170967,11416850,3600.15,172651.9057,175388.4619,174082.6011,9324,18980,11589,235675
CC,4,-1,168,December,large,8_reduced,318862,2373638,3600.18,176972.7786,177031.4737,177635.8074,15581,35747,22140,280302
CC,4,-1,168,December,large,2_reduced,50277,3916162,3600.18,170610.3011,174989.3929,171514.3851,15920,36254,22478,584003
CC,4,-1,168,December,large,6_reduced,200345,1711983,3600.17,177330.8895,177365.3409,177451.8731,16684,36242,22468,367223
CC,4,-1,168,December,large,5_reduced,40590,4681888,3600.5,176516.9631,176670.1498,177305.56,20026,36247,22471,625600
CC,4,-1,168,December,large,7_reduced,41759,5470809,3600.99,140360.9879,175723.3175,141018.1592,16234,35742,22134,524095
CC,4,-1,168,April,small,4_reduced,14358,171123,54.29,35878.8429,35881.72813,38611.12386,5879,9240,5376,43844
CC,4,-1,168,April,small,7_reduced,210968,9891225,3600.14,31398.23025,31873.94737,31822.32088,5507,8679,5155,96007
CC,4,-1,168,April,medium,1_reduced,127752,5647523,3600.3,37515.29735,38008.94039,38241.51512,9397,18975,11587,253649
CC,4,-1,168,April,large,2_reduced,134959,4107779,3600.05,38933.25082,38955.56979,39177.01127,13542,26046,16028,337123
CC,4,-1,168,April,large,8_reduced,76690,4465153,3600.06,39153.98332,39220.49589,39448.34865,15882,35652,22063,389393
CC,4,-1,168,April,large,9_reduced,86685,5564241,3600.1,38882.18496,38943.85096,39363.02011,13186,28867,17770,261824
CC,4,-1,168,April,large,6_reduced,180867,1833702,3600.19,39259.96172,39321.23953,39364.71374,15847,36201,22431,319867
CC,4,-1,168,April,large,7_reduced,85537,3951840,3600.18,37914.93787,38415.72033,38498.48086,15657,35700,22095,351115
CC,4,-1,168,April,large,5_reduced,61016,4743268,3600.1,39098.75111,39116.0386,39428.79014,15948,36209,22434,296962
MC,4,-1,168,June,large,8_reduced,1153,166660,285.54,71552.49686,71558.97582,71444.785,67031,65856,22176,345236
MC,4,-1,168,June,large,8_reduced,1153,166660,292.24,71552.49686,71558.97582,71444.785,67031,65856,22176,345236
MC,4,-1,168,June,medium,1_reduced,9167,358165,297.95,69514.51079,69521.45541,70229.24923,35783,34608,11760,180596
MC,4,-1,168,June,large,2_reduced,870,121969,361.18,71717.15217,71723.84687,72246.92277,68039,66864,22512,350612
MC,4,-1,168,June,small,4_reduced,32527,1430316,887.81,63763.21197,63768.01086,64327.96139,16631,15456,5376,79796
MC,4,-1,168,June,large,6_reduced,19150,499359,1037.85,68234.39785,68234.46648,68641.56164,68039,66864,22512,350612
MC,4,-1,168,June,large,5_reduced,23465,630215,1156.18,69613.98763,69620.83283,69013.96379,68039,66864,22512,350612
MC,4,-1,168,June,small,7_reduced,736937,15122031,3600.03,66663.10366,66672.87447,68266.85497,11599,11140,3398,76011
MC,4,-1,168,June,large,7_reduced,56460,5998873,3600.12,70728.84121,71128.90232,71882.74698,56969,58327,18519,383897
MC,4,-1,168,December,small,4_reduced,2808,103953,57.54,174310.4631,174321.2845,176685.0411,16631,15456,5376,79796
MC,4,-1,168,December,small,7_reduced,37031,3407634,3600.18,161274.941,163919.144,165478.1168,15291,14177,4821,149045
MC,4,-1,168,December,medium,1_reduced,27567,1960061,3600.49,174044.2959,175626.3291,175397.9216,31615,31324,10178,234775
MC,4,-1,168,December,large,8_reduced,43485,1833272,3600.12,176973.6089,177061.3005,177634.7066,61994,61922,20400,365540
MC,4,-1,168,December,large,9_reduced,32716,2742740,3600.13,175875.4944,176105.5134,176396.4113,62936,62510,20662,360582
MC,4,-1,168,December,large,7_reduced,2564,260207,3600.21,131260.5713,175790.6966,129350.3345,62472,62028,20436,386688
MC,4,-1,168,December,large,6_reduced,34358,2235073,3600.18,176906.4295,177392.1774,177086.7028,64033,63586,20996,376300
MC,4,-1,168,December,large,2_reduced,10900,1305626,3600.25,164954.9575,175250.208,166060.6119,62546,62464,20618,416928
MC,4,-1,168,December,large,5_reduced,38619,1806110,3600.08,176536.065,176652.0215,177384.7196,63645,63300,20918,375483
MC,4,-1,168,April,small,7_reduced,89877,3559977,2455.16,31401.34287,31404.37808,31718.83899,16631,15456,5376,79796
MC,4,-1,168,April,small,4_reduced,144917,4218182,3600.15,35873.43297,36092.11395,38597.5262,10422,10178,2839,69796
MC,4,-1,168,April,medium,1_reduced,40279,2126310,3600.18,37487.12278,38091.43255,38225.7741,25855,27070,8098,150784
MC,4,-1,168,April,large,9_reduced,36074,2310964,3600.14,38886.74887,38925.16998,39359.20479,36613,41016,10670,217638
MC,4,-1,168,April,large,8_reduced,35554,1828558,3600.2,39098.59215,39329.11344,39383.0133,51958,53692,16510,317643
MC,4,-1,168,April,large,7_reduced,16712,1508919,3600.38,37824.59837,38417.30404,38490.91073,51201,52976,16010,315934
MC,4,-1,168,April,large,2_reduced,49714,2209088,3600.15,38909.35342,39036.30198,39147.0245,51935,54180,16800,335945
MC,4,-1,168,April,large,5_reduced,71515,2163892,3600.15,39102.06538,39126.75301,39435.55866,53621,55060,17030,302673
MC,4,-1,168,April,large,6_reduced,18475,1086254,3600.28,39230.7557,39372.87571,39366.84338,54881,55837,17261,312801
DLog,4,-1,168,June,large,8_reduced,546,37927,59.85,71550.83722,71557.13483,72473.31466,4871,67032,1848,782372
DLog,4,-1,168,June,large,8_reduced,546,37927,60.91,71550.83722,71557.13483,72473.31466,4871,67032,1848,782372
DLog,4,-1,168,June,large,2_reduced,3288,77566,139.69,71719.22127,71726.20104,72250.14417,5207,68208,2016,860324
DLog,4,-1,168,June,medium,1_reduced,63148,762695,841.2,69514.3315,69521.27729,70229.26818,4871,35784,1848,407396
DLog,4,-1,168,June,small,4_reduced,690708,5719137,3034.19,63763.18247,63769.55602,65366.2601,4199,16296,1512,148676
DLog,4,-1,168,June,small,7_reduced,180444,11720521,3600.2,66355.74935,67509.25427,68211.69689,3565,15644,1288,392964
DLog,4,-1,168,June,large,7_reduced,116596,1442558,3600.1,70729.24671,70793.01274,71782.89476,4091,66525,1678,1475953
DLog,4,-1,168,June,large,5_reduced,195615,1984789,3600.11,69605.25521,69626.49645,70135.20759,1965,35227,671,738781
DLog,4,-1,168,June,large,6_reduced,84177,1206181,3600.31,68280.32808,68349.11451,69775.93561,4418,67696,1841,1753654
DLog,4,-1,168,December,small,4_reduced,12873,294737,150.83,174311.7472,174329.0692,176693.3507,4199,16296,1512,148676
DLog,4,-1,168,December,small,7_reduced,133499,7274931,3600.23,158546.5988,164739.9715,163206.9558,3648,15789,1342,489800
DLog,4,-1,168,December,medium,1_reduced,122162,8272310,3600.1,151651.7827,175787.2952,152463.5766,4312,35277,1678,565650
DLog,4,-1,168,December,large,9_reduced,41801,1850463,3600.14,170596.7482,176265.3856,171020.2361,4085,66493,1646,2466517
DLog,4,-1,168,December,large,8_reduced,46447,3099990,3600.33,161682.2383,177062.8933,162171.6939,4188,66525,1678,2170270
DLog,4,-1,168,December,large,7_reduced,41994,3389665,3600.45,57476.68548,176101.9096,57934.27352,4335,66525,1678,1465987
DLog,4,-1,168,December,large,5_reduced,47664,2764881,3600.24,137526.742,176876.6778,137956.1607,4586,67701,1846,1509102
DLog,4,-1,168,December,large,2_reduced,47220,2642872,3600.35,125478.9324,175355.6249,126618.4588,4473,67701,1846,1506137
DLog,4,-1,168,December,large,6_reduced,47575,2705724,3600.3,162950.6672,177375.6593,163574.4224,4519,67701,1846,2434085
DLog,4,-1,168,April,small,4_reduced,558079,7034793,3600.1,35878.84291,35896.40394,38611.12384,2336,11876,857,227808
DLog,4,-1,168,April,small,7_reduced,141751,7899881,3600.25,30917.0497,33042.19471,31642.0682,3595,15789,1342,383415
DLog,4,-1,168,April,medium,1_reduced,84303,3844444,3600.26,32930.17668,38300.18175,33634.4187,4301,35277,1678,747304
DLog,4,-1,168,April,large,9_reduced,37012,1454080,3600.12,38022.7421,39022.96148,38444.43956,4154,66525,1678,1390708
DLog,4,-1,168,April,large,8_reduced,49192,2798018,3600.24,21228.61872,39267.66666,21467.00007,4131,66525,1678,1557618
DLog,4,-1,168,April,large,2_reduced,73620,2112537,3600.18,33943.86345,39045.68977,34192.01583,4427,67701,1846,1269723
DLog,4,-1,168,April,large,5_reduced,40806,2407045,3600.31,30588.8413,39169.18792,30948.20886,4542,67701,1846,1431081
DLog,4,-1,168,April,large,6_reduced,43802,2261477,3600.22,36360.89995,39361.0031,36508.40612,4473,67701,1846,1446944
GIB,4,-1,168,June,large,9_reduced,2146,72951,28.6,68599.36291,68605.91784,68474.49078,6551,16632,2688,167996
DCC,4,-1,168,December,large,9_reduced,19756,755174,1507.65,175875.34,175892.769,176398.5918,24023,87360,22176,371444
CC,4,-1,168,June,large,9_reduced,94988,7486763,3600.2,68599.36291,68803.59131,68230.73969,15657,35762,22154,375104
MC,4,-1,168,June,large,9_reduced,32017,2043454,2722.96,68599.7177,68599.78718,69495.78535,67031,65856,22176,345236
DCC,4,-1,168,June,large,9_reduced,84274,4172254,3600.09,68599.3629,68846.71172,69505.64871,16282,60639,15204,470647
DLog,4,-1,168,June,large,9_reduced,47555,1589253,3600.24,68567.93767,68763.98158,68568.24794,3740,63567,1409,1461063
DLog,4,-1,168,April,large,7_reduced,76017,4513068,3600.37,5156.940276,38692.05697,3582.489881,4208,66525,1678,1433053
